group,group_name,year,fr_from_world_usd,tr_to_france_usd,tr_to_world_usd,tr_from_world_usd,excluded
bullion,"Bullion, coin and scrap",2020,1795891651.221,3735009.0,3044986380.0,25660655495.0,True
bullion,"Bullion, coin and scrap",2021,2460108931.821,5114315.0,4034369557.0,6063035450.0,True
bullion,"Bullion, coin and scrap",2022,2859410972.801,5234314.0,1909096235.0,21988396255.0,True
bullion,"Bullion, coin and scrap",2023,3104667247.466,5448546.0,5124695234.0,31221136114.0,True
bullion,"Bullion, coin and scrap",2024,4108530708.3139997,5727396.0,3694942793.0,17582244810.0,True
jewellery,Jewellery and articles,2020,7033420343.523,11655338.0,3609808053.0,799081871.0,False
jewellery,Jewellery and articles,2021,7747495938.111,24384205.0,6897511076.0,862269353.0,False
jewellery,Jewellery and articles,2022,9044522259.809,34826601.0,8271296595.0,1265606265.0,False
jewellery,Jewellery and articles,2023,9845699377.470001,28130070.0,8493047369.0,2524088248.0,False
jewellery,Jewellery and articles,2024,9600213067.212,46280468.0,9314473350.0,7098282418.0,False
stones,Pearls and precious stones,2020,688457295.7639999,44534.0,38641791.0,131116121.0,False
stones,Pearls and precious stones,2021,985788477.2930001,59358.0,32821069.0,148615826.0,False
stones,Pearls and precious stones,2022,1609699902.0689998,91444.0,27432086.0,203668321.0,False
stones,Pearls and precious stones,2023,1934235414.656,70058.0,29069466.0,166940802.0,False
stones,Pearls and precious stones,2024,1460669395.776,16759.0,20697926.0,192346752.0,False
