rank,hs_code,hs_short_name,hs_name,hs_section,hs_section_name,tr_to_france_usd,tr_to_world_usd,fr_from_world_usd,tr_from_world_usd,tr_share_in_france_pct,france_share_of_tr_exports_pct,tr_net_export_ratio,basis_years,supply_quality,effective_supply_usd,demand_ceiling_usd,supply_ceiling_usd,potential_usd,binding_constraint,untapped_value_usd,opportunity_score,demand_score,supply_score,gap_score,rca,low_supply_confidence
1,71,Jewellery and precious stones,"Natural or cultured pearls, precious or semi-precious stones, precious metals; imitation jewellery; coin - excluding bullion, coin and scrap",XIV,"Pearls, precious stones and metals",36471800.0,8718672264.0,11165013138.997334,3816977602.0,0.32666150541830286,0.4183182816791334,0.39102038700799174,"2022, 2023, 2024",0.6955101935039959,6063925433.432562,441822152.05129886,572461100.6963403,441822152.05129886,demand,405350352.05129886,100.0,68.31136777533298,91.96017794025269,91.74514002281956,3.201236551518961,False
2,72,Iron and steel,Iron and steel,XV,Base metals and articles of base metal,67050456.666666664,11237719453.0,14798932539.123001,25395296893.333332,0.453076304587575,0.5966553707546686,-0.3864704261992991,"2022, 2023, 2024",0.3067647869003505,3447336613.245468,585623692.6098684,325443664.1336121,325443664.1336121,supply,258393207.46694544,63.74564772408158,71.98614992017144,87.20337576065936,88.55059016347987,1.3730187078847071,True
3,73,Iron and steel articles,Articles of iron or steel,XV,Base metals and articles of base metal,361416749.6666667,10132057160.0,14441849738.772001,3947992559.6666665,2.502565503755187,3.567061890387783,0.4392075826050234,"2022, 2023, 2024",0.7196037913025117,7291066746.029759,571493203.9711643,688308611.3939924,571493203.9711643,demand,210076454.30449766,51.82589659572112,71.66760668176866,93.51243048659886,36.7592217798442,2.9757154866222355,False
4,19,Cereal and bakery preparations,"Preparations of cereals, flour, starch or milk; pastrycooks' products",IV,"Prepared foodstuffs, beverages and tobacco",13676991.333333334,2704748726.0,5414777150.748667,312025940.0,0.25258641219320177,0.5056658757932005,0.7931393792737452,"2022, 2023, 2024",0.8965696896368727,2424995725.815547,214273683.67941043,228930209.91494477,214273683.67941043,demand,200596692.34607708,49.48723772680743,58.87364036917509,84.2404813751279,93.61704568732928,2.639693743647264,False
5,62,Non-knitted apparel,"Articles of apparel and clothing accessories, not knitted or crocheted",XI,Textiles and textile articles,339843019.0,7959949944.0,13121519086.905334,1652291185.6666667,2.58996703620351,4.269411508751568,0.6562110410303523,"2022, 2023, 2024",0.8281055205151762,6591678491.650867,519245049.6013781,622283299.1913658,519245049.6013781,demand,179402030.60137808,44.258511111068174,70.41720436765868,92.66306330510176,34.55055194827648,2.960977131864014,False
6,94,Furniture and lighting,"Furniture; bedding, mattresses, cushions; lamps and lighting fittings; illuminated signs; prefabricated buildings",XX,Miscellaneous manufactured articles,251015332.33333334,5160073385.333333,13122449115.949999,1034602639.0,1.9128695422276825,4.864569039789308,0.665970380069604,"2022, 2023, 2024",0.832985190034802,4298264709.47541,519281852.73173434,405775000.6463522,405775000.6463522,supply,154759668.31301883,38.17923619156826,70.41812871216648,89.06151731722285,51.66106209703999,1.9306405069277488,False
7,15,Fats and oils,Animal or vegetable fats and oils and their cleavage products; prepared edible fats; animal or vegetable waxes,III,Animal and vegetable fats and oils,12530250.0,3129180808.3333335,3840552556.3583336,3399123080.6666665,0.3262616463679216,0.40043227820618876,-0.04134952614386989,"2022, 2023, 2024",0.47932523692806506,1499895332.3451293,151978432.48295,141596683.915283,141596683.915283,supply,129066433.915283,31.84071094600877,54.393587223221694,80.19389500418967,91.75524461248426,2.3019208902397854,False
8,07,Vegetables,Edible vegetables and certain roots and tubers,II,Vegetable products,26438172.0,2342713219.6666665,4495630918.874667,1097899992.0,0.5880859100110007,1.1285278871547821,0.36179981622045415,"2022, 2023, 2024",0.680899908110227,1595153215.9996474,177901208.23663795,150589445.04427353,150589445.04427353,supply,124151273.04427353,30.62813993277638,56.447534072951925,80.71252225313329,85.13884629449348,2.091389424538385,False
9,20,Prepared vegetables and fruit,"Preparations of vegetables, fruit, nuts or other parts of plants",IV,"Prepared foodstuffs, beverages and tobacco",88169799.66666667,3294962194.6666665,5282762684.797334,245314823.33333334,1.6690092841081159,2.675897156252087,0.8614148994069856,"2022, 2023, 2024",0.9307074497034928,3066645861.067637,209049604.2517924,289504790.9714999,209049604.2517924,demand,120879804.58512573,29.821068113893695,58.55173626433808,86.21776463225468,57.82350319091278,3.4215719577212447,False
10,89,Ships and boats,"Ships, boats and floating structures",XVII,"Vehicles, aircraft and transport equipment",16794569.333333332,2146372029.0,5284031013.728667,1023264994.3333334,0.31783631265029755,0.7824631101420924,0.35433301239192255,"2022, 2023, 2024",0.6771665061959613,1453451247.8746665,209099794.59290302,137212159.070995,137212159.070995,supply,120417589.73766167,29.70703963331511,58.554867065805475,79.92896174718311,91.96815598693881,1.6212808924729338,False
11,03,Fish and seafood,"Fish and crustaceans, molluscs and other aquatic invertebrates",I,Live animals and animal products,23776379.666666668,1693801815.6666667,6234511597.535333,284845507.6666667,0.381367157550338,1.4037285499843721,0.7120805670544653,"2022, 2023, 2024",0.8560402835272327,1449962586.522235,246712233.71790957,136882814.1706176,136882814.1706176,supply,113106434.50395094,27.903376407981217,60.712120729448216,79.90872061672806,90.3627074716317,1.3708107840592363,False
12,39,Plastics,Plastics and articles thereof,VII,Plastics and rubber,299407769.3333333,11021199477.333334,29089802842.376003,16939216639.333334,1.0292533468022578,2.7166532095631517,-0.21165697739642664,"2022, 2023, 2024",0.3941715113017867,4344242854.338942,1151142334.949439,410115538.7524834,410115538.7524834,supply,110707769.41915011,27.31162532828874,80.80021036996044,89.15113639202036,73.99037805811528,0.8802306177000301,False
13,28,Inorganic chemicals,"Inorganic chemicals; organic or inorganic compounds of precious metals, rare-earth metals, radioactive elements or isotopes",VI,Chemical and allied industries,60354054.333333336,3147455356.0,6628525443.883334,2791569323.0,0.9105200673103971,1.9175507674248753,0.05992331270459097,"2022, 2023, 2024",0.5299616563522955,1668030653.760664,262304158.54273945,157469394.129166,157469394.129166,supply,97115339.79583266,23.958370655008657,61.511348758156316,81.08879992891347,76.99081300554397,1.4832359837957554,False
14,44,Wood,Wood and articles of wood; wood charcoal,IX,"Wood, cork and straw",20479482.0,1770385682.6666667,6565750330.312,916140481.6666666,0.31191380984215444,1.1567808190333142,0.31797389965564793,"2022, 2023, 2024",0.658986949827824,1166661061.0393567,259820020.3309825,110137910.24869104,110137910.24869104,supply,89658428.24869104,22.118749322646295,61.38724867197482,78.07767989614555,92.11781987626998,1.0473298750818816,False
15,04,"Dairy, eggs and honey",Dairy produce; birds' eggs; natural honey; edible products of animal origin,I,Live animals and animal products,949423.6666666666,884104497.3333334,6441625139.06,152511468.0,0.014738884150672761,0.10738817295131416,0.7057512654631775,"2022, 2023, 2024",0.8528756327315887,754031182.5640099,254908135.4599126,71183843.777184,71183843.777184,supply,70234420.11051732,17.326843249325425,61.138334116408465,74.40141727214174,99.627542814609,0.6899490347704901,False
16,96,Misc. manufactured articles,Miscellaneous manufactured articles,XX,Miscellaneous manufactured articles,7054448.333333333,1170907197.6666667,2718768590.2046666,623808525.3333334,0.25947218747301626,0.6024771516812889,0.30483862448077154,"2022, 2023, 2024",0.6524193122403857,763922468.5990041,107587172.04354097,72117624.46974933,72117624.46974933,supply,65063176.136415996,16.051096491506677,49.88847138814397,74.5111876297703,93.44303953776351,1.6561519988164222,False
17,26,Ores and slag,"Ores, slag and ash",V,Mineral products,17060322.666666668,2213766534.3333335,2034671844.9793332,1470965013.6666667,0.8384803037779273,0.7706468772599958,0.2015890468519599,"2022, 2023, 2024",0.6007945234259799,1330018809.9711783,80516080.19403428,125559596.7102693,80516080.19403428,demand,63455757.52736761,15.654546050409499,46.10838322587043,79.18145975767274,78.81128511776367,3.8528895627056916,False
18,21,Misc. edible preparations,Miscellaneous edible preparations,IV,"Prepared foodstuffs, beverages and tobacco",8590797.666666666,1206871106.3333333,3951914892.8849998,849872156.6666666,0.217383164858471,0.7118239571387933,0.1735748725127423,"2022, 2023, 2024",0.5867874362563712,708176802.377227,156385265.3786336,66854989.59821446,66854989.59821446,supply,58264191.9315478,14.373785945096259,54.76637336746043,73.87297349832014,94.50664508202419,1.0562270037936823,False
19,34,Soap and waxes,"Soap, organic surface-active agents, washing and lubricating preparations, waxes, polishing preparations, candles",VI,Chemical and allied industries,10344069.666666666,1419132074.6666667,3519199580.3199997,1401135815.3333333,0.29393245340538726,0.7289011256472613,0.0063810460691141975,"2022, 2023, 2024",0.5031905230345571,714093810.9066362,139261845.2587547,67413581.1001647,67413581.1001647,supply,57069511.43349803,14.079058065373443,53.253961568490226,73.9430556046918,92.57221556453821,1.1960092130208793,False
20,02,Meat,Meat and edible meat offal,I,Live animals and animal products,3649833.3333333335,890061871.6666666,7017390209.497666,375096234.6666667,0.05201126379424472,0.41006512575343945,0.40703658651207436,"2022, 2023, 2024",0.7035182932560372,626174808.8472073,277692323.8285062,59113642.51358902,59113642.51358902,supply,55463809.18025568,13.682931049542175,62.25484772248,72.8364326220745,98.68565566270843,0.5259483760505541,False
21,08,Fruit and nuts,Edible fruit and nuts; peel of citrus fruit or melons,II,Vegetable products,212375710.33333334,5535777577.666667,6735612190.860001,1261923152.6666667,3.1530275840631097,3.836420581457859,0.628720591644879,"2022, 2023, 2024",0.8143602958224395,4508117465.755855,266541797.71220416,425586019.29478914,266541797.71220416,demand,54166087.378870815,13.362782862962916,61.72036062183495,89.4630159371748,20.32179862362754,3.944948178784892,False
22,18,Cocoa,Cocoa and cocoa preparations,IV,"Prepared foodstuffs, beverages and tobacco",2278219.0,1030197143.3333334,4615387213.4140005,976260840.0,0.049361383880829404,0.22114398343491165,0.026881352005053632,"2022, 2023, 2024",0.5134406760025269,528945117.68893874,182640207.02834103,49934734.126300275,49934734.126300275,supply,47656515.126300275,11.756870293841299,56.79039919394593,71.4151339731033,98.75261913186154,0.6755004202080748,False
23,17,Sugar and confectionery,Sugars and sugar confectionery,IV,"Prepared foodstuffs, beverages and tobacco",12674021.333333334,1185967607.6666667,1414415388.5943334,442053234.0,0.8960607637286073,1.0686650504956752,0.45694401117438604,"2022, 2023, 2024",0.728472005587193,863944201.718382,55971277.69608187,81560113.83800375,55971277.69608187,demand,43297256.36274853,10.681440423978977,41.366154012108986,75.54754049616204,77.35620508405769,3.6002434981333793,False
24,24,Tobacco,Tobacco and manufactured tobacco substitutes,IV,"Prepared foodstuffs, beverages and tobacco",1272920.6666666667,921541652.0,1754213082.2313335,908710462.6666666,0.07256362864695606,0.13812947726281033,0.007010613035499891,"2022, 2023, 2024",0.5035053065177499,464001111.9591336,69417759.701588,43803735.747141674,43803735.747141674,supply,42530815.08047501,10.492359230785262,44.17410235990656,70.3117708668491,98.16628961790373,1.5590492299435315,False
25,76,Aluminium,Aluminium and articles thereof,XV,Base metals and articles of base metal,209488030.33333334,5750137258.0,9238715358.546333,6696097903.333333,2.2675017272779714,3.6431831264876107,-0.07600375800966264,"2022, 2023, 2024",0.4619981209951687,2656552608.6603117,365594652.7859525,250790193.10278088,250790193.10278088,supply,41302162.769447535,10.189250499089383,65.84148662463878,85.00863341026079,42.69937245061845,1.6948450027990483,False
26,32,"Dyes, paints and inks","Tanning or dyeing extracts; dyes, pigments, paints, varnishes, putty and inks",VI,Chemical and allied industries,17041409.666666668,1527849155.0,4042931668.839333,2619308710.0,0.4215111968874559,1.1153856132261086,-0.2631825434501515,"2022, 2023, 2024",0.3684087282749242,562872964.1894675,159986983.2919298,53137671.32682501,53137671.32682501,supply,36096261.660158336,8.904953820193105,55.06333266956369,71.93877123400739,89.34825239152673,0.8206106353135169,True
27,25,"Salt, stone and cement","Salt; sulphur; earths and stone; plastering materials, lime and cement",V,Mineral products,29240804.0,3384327204.6666665,1622456892.3856666,618771133.3333334,1.8022546014769127,0.8640064104818147,0.690853893115961,"2022, 2023, 2024",0.8454269465579805,2861201414.794445,64203900.78185549,270109936.081451,64203900.78185549,demand,34963096.78185549,8.625401854204078,43.15581624721335,85.6337065256398,54.45634354935693,10.394375879573841,False
28,30,Pharmaceuticals,Pharmaceutical products,VI,Chemical and allied industries,24987913.0,2121299075.3333333,34086222165.02467,4991762120.333333,0.07330795674282643,1.1779533254203436,-0.40354820042160033,"2022, 2023, 2024",0.29822589978919983,632626325.4632809,1348860753.208423,59722693.91828408,59722693.91828408,supply,34734780.91828408,8.569076292275737,82.86740504027323,72.92276887171074,98.14748016497897,0.10939350643883189,True
29,27,Mineral fuels and oils,"Mineral fuels, mineral oils and products of their distillation; bituminous substances; mineral waxes",V,Mineral products,238406625.66666666,16450579371.666666,126793943383.13033,77084140451.0,0.18802682470903115,1.4492293570965753,-0.6482465676305981,"2022, 2023, 2024",0.17587671618470097,2893273879.2245145,5017492790.665543,273137717.0941355,273137717.0941355,supply,34731091.427468866,8.568166094271332,100.0,85.72759575666902,95.2484909174121,0.1344974933836177,True
30,11,Milling products,Products of the milling industry; malt; starches; inulin; wheat gluten,II,Vegetable products,2396160.3333333335,1767553323.3333333,926169586.479,254580096.33333334,0.2587172336810116,0.1355636801278812,0.7482064300432769,"2022, 2023, 2024",0.8741032150216385,1545024042.6478481,36650403.789794505,145857031.6811817,36650403.789794505,demand,34254243.45646117,8.450527619654354,35.844079093635386,80.44358066942296,93.46211750605444,9.83258885460957,False
31,64,Footwear,"Footwear, gaiters and the like; parts of such articles",XII,"Footwear, headgear and accessories",25025047.0,1246906737.6666667,9347904942.286001,1363314868.3333333,0.26770754681936465,2.0069702283291293,-0.044597029769075675,"2022, 2023, 2024",0.4777014851154622,595649200.3838427,369915505.4592865,56231891.4742344,56231891.4742344,supply,31206844.474234402,7.6987337783994425,65.99471974151905,72.41548240205535,93.23492888763099,0.37557738076270547,False
32,88,Aircraft and spacecraft,"Aircraft, spacecraft, and parts thereof",XVII,"Vehicles, aircraft and transport equipment",53387488.666666664,2384177638.0,13148565674.352333,4014399231.3333335,0.4060327946705594,2.239241230005474,-0.25477877762890516,"2022, 2023, 2024",0.3726106111855474,888369886.8700948,520315337.7705642,83866005.41940743,83866005.41940743,supply,30478516.752740763,7.519055207057912,70.44405892586929,75.78236727153835,89.73939747857132,0.39823424402871693,True
33,23,Food residues and fodder,Residues and waste from the food industries; prepared animal fodder,IV,"Prepared foodstuffs, beverages and tobacco",668076.3333333334,1099404975.0,4249219229.8063335,2604915241.0,0.01572233149673904,0.060767082969888635,-0.40642011980964227,"2022, 2023, 2024",0.2967899400951789,326292336.67059165,168150199.3126535,30803424.65449696,30803424.65449696,supply,30135348.32116363,7.434395497293133,55.712359002174104,67.34617230873701,99.60269072765645,0.45260660669823805,True
34,83,Misc. base metal articles,Miscellaneous articles of base metal,XV,Base metals and articles of base metal,55100860.333333336,1392143445.6666667,3735697874.4603333,942143025.3333334,1.4749817085058925,3.9579872681113515,0.1927785753479327,"2022, 2023, 2024",0.5963892876739664,830259437.9011245,147829120.64318004,78380124.70667171,78380124.70667171,supply,23279264.37333838,5.742998434695398,54.03256985792687,75.2125674865977,62.726653521580445,1.309981700872026,False
35,38,Misc. chemical products,Miscellaneous chemical products,VI,Chemical and allied industries,17544841.666666668,1460792480.0,12769860691.273666,3516767795.3333335,0.13739258470263505,1.2010495608977032,-0.4130488033508846,"2022, 2023, 2024",0.2934755983245577,428706947.0960145,505329215.6287148,40471812.11326838,40471812.11326838,supply,22926970.446601715,5.656087463740554,70.06291398882863,69.64541753755856,96.52803734198547,0.19787800125586805,True
36,40,Rubber,Rubber and articles thereof,VII,Plastics and rubber,152612586.0,3766865847.0,8420213942.1466675,3979133879.6666665,1.812454969060948,4.051447335761729,-0.027403568313578,"2022, 2023, 2024",0.486298215843211,1831820140.7168257,333204896.25377053,172931838.54981542,172931838.54981542,supply,20319252.549815416,5.012763020184555,64.63163190598084,81.87773004110683,54.19857639673773,1.2822799651006531,False
37,54,Man-made filaments,Man-made filaments; strip and the like of man-made textile materials,XI,Textiles and textile articles,12291049.333333334,1778617720.3333333,818216230.5853333,2281418720.0,1.5021761820271637,0.6910450285534011,-0.12384149922195926,"2022, 2023, 2024",0.43807925038902035,779175517.6522548,32378471.1526975,73557579.05788752,32378471.1526975,demand,20087421.819364168,4.955570340006024,34.22780201820855,74.67770593800965,62.03943887477421,5.612939501864401,False
38,35,Glues and enzymes,Albuminoidal substances; modified starches; glues; enzymes,VI,Chemical and allied industries,2813493.3333333335,514626787.6666667,1438120127.1663334,602548018.6666666,0.19563687901907267,0.5467055739732859,-0.07869961844965447,"2022, 2023, 2024",0.4606501907751728,237062927.91666433,56909322.146124944,22379777.940747347,22379777.940747347,supply,19566284.607414015,4.827005702202477,41.5829149207628,64.65536762226459,95.05618196240472,0.9716092320526124,False
39,10,Cereals,Cereals,II,Vegetable products,4986394.333333333,1188839531.6666667,1195772657.044,4385610125.666667,0.4170018693737243,0.41943375876328487,-0.5734683763435848,"2022, 2023, 2024",0.21326581182820759,253538827.85435778,47319142.586044915,23935175.00438765,23935175.00438765,supply,18948780.67105432,4.67466737728558,39.17612956891177,65.22130460804684,89.46220480587513,1.2497381082492478,True
40,33,Cosmetics and perfumery,"Essential oils and resinoids; perfumery, cosmetic or toilet preparations",VI,Chemical and allied industries,51469036.0,1605729763.3333333,8070489238.5199995,1872924272.6666667,0.6377436916010139,3.205336114163785,-0.07680973921757751,"2022, 2023, 2024",0.46159513039121125,741197039.4788988,319365582.38479346,69972244.4991833,69972244.4991833,supply,18503208.499183297,4.56474464757382,64.07838484788715,74.25682178477379,83.88397534397222,0.5413236063464226,False
41,56,Nonwovens and cordage,"Wadding, felt and nonwovens; special yarns; twine, cordage, ropes and cables",XI,Textiles and textile articles,24166296.333333332,1129015582.3333333,1007234714.265,428182966.3333333,2.3992715889431966,2.140475004196923,0.45005989544498354,"2022, 2023, 2024",0.7250299477224917,818570108.6370152,39858314.857057296,77276600.86384207,39858314.857057296,demand,15692018.523723964,3.8712236080007325,36.93837037729641,75.0931395883998,39.36949813357587,4.7901415774352945,False
42,16,Prepared meat and fish,"Preparations of meat, fish or crustaceans, molluscs or other aquatic invertebrates",IV,"Prepared foodstuffs, beverages and tobacco",10491337.666666666,286699580.0,3117650022.405667,26759894.333333332,0.3365142845177745,3.6593488091843964,0.8292608995772333,"2022, 2023, 2024",0.9146304497886166,262224165.80960748,123371717.08565964,24755108.92019233,24755108.92019233,supply,14263771.253525665,3.5188747663207955,51.67389711451275,65.50500653292094,91.4961565628674,0.49575660001508354,False
43,31,Fertilisers,Fertilisers,VI,Chemical and allied industries,1786973.6666666667,670331386.3333334,3437059938.0693336,2378258035.6666665,0.05199134431360677,0.26658063505593704,-0.5602350506789014,"2022, 2023, 2024",0.21988247466054928,147394124.06961003,136011413.48083276,13914650.40712069,13914650.40712069,supply,12127676.740454024,2.991899890818206,52.94595209612635,60.65273905159505,98.6861590355294,0.25276458115768136,True
44,22,Beverages and spirits,"Beverages, spirits and vinegar",IV,"Prepared foodstuffs, beverages and tobacco",9548460.333333334,542297771.3333334,6480818438.846667,850975161.6666666,0.14733417427803436,1.7607412086272793,-0.2215484009071274,"2022, 2023, 2024",0.3892257995464363,211076283.63946718,256459093.60408652,19926524.986100182,19926524.986100182,supply,10378064.652766848,2.5602702946347655,61.21744484286155,63.67743387573497,96.27680960766634,0.1919697226833473,False
45,48,Paper and paperboard,"Paper and paperboard; articles of paper pulp, of paper or of paperboard",X,"Pulp, paper and printed products",103310860.0,2688088802.6666665,10274925727.879333,3341437713.6666665,1.0054657594232808,3.84328300082618,-0.1083582449185933,"2022, 2023, 2024",0.4458208775407033,1198406108.9121916,406599592.9196541,113134781.70537949,113134781.70537949,supply,9823921.705379486,2.423563136349818,67.22787588570145,78.30380213281941,74.59149940162023,0.6874616501061976,False
46,06,Live plants and flowers,"Live trees and other plants; bulbs, roots; cut flowers and ornamental foliage",II,Vegetable products,670801.3333333334,138235236.66666666,1750800949.236,63586256.0,0.03831396902235243,0.4852607406828327,0.3698762687775714,"2022, 2023, 2024",0.6849381343887857,94682585.10925892,69282734.69764799,8938450.428428091,8938450.428428091,supply,8267649.095094758,2.0396304217464825,44.148709993128,56.92499149065389,99.03179148995672,0.31875461900148316,False
47,82,Tools and cutlery,"Tools, implements, cutlery, spoons and forks, of base metal; parts thereof",XV,Base metals and articles of base metal,4109219.0,396523050.6666667,2662978411.7153335,888753954.6666666,0.15430913678917446,1.0363127674649049,-0.38297651164492835,"2022, 2023, 2024",0.3085117441775358,122332017.96777074,105379441.84057438,11548677.902622718,11548677.902622718,supply,7439458.902622718,1.8353157620253462,49.61806503737953,59.082977319843046,96.10054966298198,0.2707669465116445,True
48,41,Raw hides and leather,Raw hides and skins (other than furskins) and leather,VIII,"Hides, skins, leather and furs",4242426.0,225644308.66666666,830891479.0926666,287471137.3333333,0.5105872555863407,1.8801387125908544,-0.12049301799164053,"2022, 2023, 2024",0.4397534910041797,99227872.46139134,32880056.37284691,9367545.447677031,9367545.447677031,supply,5125119.447677031,1.2643678293952547,34.428287472392874,57.3199253327467,87.09726664731788,0.7039025325959039,False
49,70,Glass and glassware,Glass and glassware,XIII,"Stone, cement, ceramics and glass",76014589.66666667,1617004071.0,4623204169.297667,1426363621.6666667,1.6441971170443554,4.70095227525662,0.06264128051063388,"2022, 2023, 2024",0.5313206402553169,859147638.2991738,182949539.78308257,81107297.25827128,81107297.25827128,supply,5092707.591604605,1.2563718190529907,56.812469017533175,75.5006475445721,58.45051605115008,1.0953373090474863,False
50,59,Technical textiles,"Impregnated, coated, covered or laminated textile fabrics; textile articles for industrial use",XI,Textiles and textile articles,8170004.333333333,342743483.0,585108615.436,514153607.3333333,1.3963226857026139,2.383708148677865,-0.20003583425245933,"2022, 2023, 2024",0.39998208287377035,137091252.2217507,23153931.34225232,12942014.212446995,12942014.212446995,supply,4772009.879113662,1.1772556394646336,29.854513184702107,60.042397397303226,64.71439682286547,1.3810086655446567,False
51,68,Stone and cement articles,"Articles of stone, plaster, cement, asbestos, mica or similar materials",XIII,"Stone, cement, ceramics and glass",96038228.66666667,2014563507.6666667,2542236260.254,612603207.3333334,3.7777066659048946,4.767197871954966,0.5336396401220901,"2022, 2023, 2024",0.766819820061045,1544807226.450501,100601430.69649248,145836563.2832199,100601430.69649248,demand,4563202.029825807,1.1257427079398006,49.012912257088786,80.4423986036492,4.535921604924953,3.581636743548682,False
52,58,Special woven fabrics,Special woven fabrics; tufted textile fabrics; lace; tapestries; trimmings; embroidery,XI,Textiles and textile articles,5550575.666666667,414823478.0,251951719.48633334,181124674.66666666,2.203031468879397,1.3380572607480685,0.39214619977863874,"2022, 2023, 2024",0.6960730998893194,288747464.2383289,9970239.13278384,27259024.37549972,9970239.13278384,demand,4419663.4661171725,1.0903317201406661,18.86603106562774,66.31656308408246,44.32856030087151,6.754979036910147,False
53,09,"Coffee, tea and spices","Coffee, tea, mate and spices",II,Vegetable products,8467488.333333334,327885340.6666667,3914180124.436333,603954125.3333334,0.21632853021940848,2.5824540725477307,-0.2962621725517973,"2022, 2023, 2024",0.35186891372410134,115372658.64643691,154892024.26950178,10891683.92389285,10891683.92389285,supply,2424195.590559516,0.5980494597554274,54.6412458901792,58.58964411618847,94.53329609883562,0.1737341710925762,True
54,65,Headgear,Headgear and parts thereof,XII,"Footwear, headgear and accessories",3761288.6666666665,112786836.33333333,823147078.2043333,91535704.66666667,0.45694004950752987,3.3348649443011684,0.10400776910202314,"2022, 2023, 2024",0.5520038845510116,62258771.782219164,32573594.766019035,5877500.5421325825,5877500.5421325825,supply,2116211.875465916,0.5220698254625175,34.30616032133214,53.393910260002485,88.45295186581474,0.44580636116323,False
55,14,Other vegetable products,Vegetable plaiting materials; vegetable products not elsewhere specified,II,Vegetable products,248206.33333333334,35061648.666666664,59302613.37,15958953.333333334,0.41854198192704933,0.7079140393341079,0.3744114060695193,"2022, 2023, 2024",0.6872057030347596,24094564.921534404,2346724.35537792,2274632.382471959,2274632.382471959,supply,2026426.0491386259,0.49991964701246216,0.0,45.39806888291791,89.42328557827739,2.3947953676298965,False
56,47,Wood pulp,Pulp of wood or other fibrous cellulosic material; recovered paper or paperboard,X,"Pulp, paper and printed products",1949.3333333333333,151544433.0,1429901370.316,1533849507.6666667,0.00013632641899647538,0.001286311410286733,-0.8201673456354592,"2022, 2023, 2024",0.08991632718227038,13626318.820279652,56584089.314457476,1286384.1344897533,1286384.1344897533,supply,1284434.80115642,0.3168702813890412,41.508168263651775,40.5972348759546,99.99655497975323,0.05616886095830442,True
57,36,Explosives and matches,Explosives; pyrotechnic products; matches; pyrophoric alloys; certain combustible preparations,VI,Chemical and allied industries,1251458.0,66545990.333333336,171073961.244,133526376.33333333,0.7315303807194047,1.880591142653919,-0.33478079514895526,"2022, 2023, 2024",0.3326096024255224,22133835.38778266,6769742.657333976,2089530.9330262041,2089530.9330262041,supply,838072.9330262041,0.2067527334773703,13.817016993585085,44.68315436517469,81.51395018473505,0.7625984483790988,True
58,51,Wool and animal hair,"Wool, fine or coarse animal hair; horsehair yarn and woven fabric",XI,Textiles and textile articles,1266154.3333333333,95361631.0,220414329.58266664,321486316.3333333,0.5744428394155111,1.3277398048417746,-0.5424632333681908,"2022, 2023, 2024",0.2287683833159046,21815726.15423785,8722240.827376539,2059500.0291214958,2059500.0291214958,supply,793345.6957881625,0.19571851653104305,17.121974889556167,44.56122340998167,85.48361185626464,0.5833819679758446,True
59,01,Live animals,Live animals,I,Live animals and animal products,247844.33333333334,90065497.33333333,413257352.4773333,704331269.0,0.059973363292290686,0.27518232916214175,-0.7732480766530679,"2022, 2023, 2024",0.11337596167346603,10211262.373765657,16353429.28391346,963987.8593751218,963987.8593751218,supply,716143.5260417884,0.17667272827510885,25.319534661940747,38.16716742821808,98.4844503924499,0.1456404457587825,True
60,79,Zinc,Zinc and articles thereof,XV,Base metals and articles of base metal,168401.0,98604564.33333333,759633176.7529999,1043968099.6666666,0.022168726321277667,0.1707841834083049,-0.827399048760485,"2022, 2023, 2024",0.08630047561975751,8509620.800245645,30060221.22359235,803345.4473168813,803345.4473168813,supply,634944.4473168813,0.156640901902196,33.25891532354303,36.63174904192567,99.43978788862728,0.06602819677179411,True
61,13,Gums and resins,"Lac; gums, resins and other vegetable saps and extracts",II,Vegetable products,140131.33333333334,27501285.0,484624062.3056667,83099529.33333333,0.028915471647577493,0.5095446752154793,-0.5026929021134422,"2022, 2023, 2024",0.2486535489432789,6838292.1157505615,19177554.336757466,645564.7046520049,645564.7046520049,supply,505433.3713186715,0.12469049767957442,27.397128414255473,34.7900327593956,99.2692950786496,0.08316983280482985,True
62,80,Tin,Tin and articles thereof,XV,Base metals and articles of base metal,1371.6666666666667,23928711.333333332,141702235.84933332,147233110.33333334,0.0009679922539296476,0.005732304793011977,-0.720396627000922,"2022, 2023, 2024",0.139801686499539,3345274.2001606324,5607444.076779255,315808.5256452424,315808.5256452424,supply,314436.85897857574,0.07757162597425903,11.360362270703837,28.76784675473677,99.97553846907994,0.13914838545022654,True
63,37,Photographic goods,Photographic or cinematographic goods,VI,Chemical and allied industries,11943.666666666666,23058919.333333332,380888974.1116667,133648603.0,0.0031357344209089907,0.05179629840415476,-0.7057075628534973,"2022, 2023, 2024",0.14714621857325133,3393032.7842856376,15072547.084323516,320317.1450100461,320317.1450100461,supply,308373.4783433794,0.07607578895215894,24.255813172822002,28.887243496837034,99.92075880340695,0.052506468360728704,True
64,45,Cork,Cork and articles of cork,IX,"Wood, cork and straw",15705.333333333334,7033354.666666667,322411511.8886667,13523322.333333334,0.004871207371390824,0.2232979008973622,-0.3157109325922019,"2022, 2023, 2024",0.3421445337038991,2406423.8528008093,12758475.628767252,227176.94381945598,227176.94381945598,supply,211471.61048612263,0.05217008186028662,22.08201964801644,25.99333083694709,99.87690274457302,0.043993117315516764,True
65,78,Lead,Lead and articles thereof,XV,Base metals and articles of base metal,725377.3333333334,63900702.666666664,168747810.28066668,382759330.3333333,0.42985881246509977,1.1351633128624754,-0.7138732013362535,"2022, 2023, 2024",0.14306339933187323,9141851.743188629,6677692.158886607,863030.8153947918,863030.8153947918,supply,137653.4820614584,0.03395913716735535,13.638466796593857,37.23537132053616,89.13730498390812,0.3193148977094583,True
66,92,Musical instruments,Musical instruments; parts and accessories of such articles,XVIII,"Instruments, clocks and musical instruments",394273.0,17900947.0,385104089.553,51515446.0,0.1023808914773257,2.202525933404529,-0.4842443916669655,"2022, 2023, 2024",0.2578778041665173,4616256.904861205,15239347.727748625,435794.8556366126,435794.8556366126,supply,41521.85563661263,0.010243448766354557,24.39934753212492,31.48027558650965,97.41279609177703,0.07065371349878052,True
67,05,Other animal products,"Products of animal origin, not elsewhere specified or included",I,Live animals and animal products,10091205.333333334,97504919.0,567938411.9896667,78097943.33333333,1.7768133164264537,10.34943204591897,0.11051628321312845,"2022, 2023, 2024",0.5552581416065643,54140400.12143858,22474471.663757138,5111090.7259482695,5111090.7259482695,supply,0.0,0.0,29.466070112655824,52.21709196460132,55.09925445942008,0.5618797383705563,False
68,12,Oil seeds and grains,"Oil seeds and oleaginous fruits; miscellaneous grains, seeds and fruit; industrial or medicinal plants; straw and fodder",II,Vegetable products,14641757.333333334,685127614.0,2532753864.535333,3015707003.0,0.5780963376802332,2.1370846881867664,-0.6297442685750796,"2022, 2023, 2024",0.1851278657124602,126836212.92049026,100226193.11899333,11973893.619519345,11973893.619519345,supply,0.0,0.0,48.96417621741814,59.3875258463594,85.39128657121603,0.2951708275703426,True
69,29,Organic chemicals,Organic chemicals,VI,Chemical and allied industries,12153657.333333334,1133274780.6666667,15751556713.975668,9917862984.0,0.07715845204398068,1.072436935919791,-0.7949035104258608,"2022, 2023, 2024",0.10254824478706959,116215339.61881794,623320957.9681513,10971236.695819343,10971236.695819343,supply,0.0,0.0,72.7997502223453,58.65094034202488,98.05017669019973,0.043487368419477035,True
70,61,Knitted apparel,"Articles of apparel and clothing accessories, knitted or crocheted",XI,Textiles and textile articles,591862949.0,10463065179.333334,13180772461.366999,1357687067.3333333,4.490351007384107,5.656687967203424,0.7702875351750668,"2022, 2023, 2024",0.8851437675875333,9261316933.349037,521589825.47356343,874308852.2052498,521589825.47356343,demand,0.0,0.0,70.47596508537589,95.5271254895046,0.0,4.141474931146134,False
71,57,Carpets,Carpets and other textile floor coverings,XI,Textiles and textile articles,33733069.666666664,2853815808.0,591557287.3276666,83480183.66666667,5.702418073328838,1.1820338780135689,0.9431584805184726,"2022, 2023, 2024",0.9715792402592363,2772708194.5764384,23409118.331965502,261755788.7875441,23409118.331965502,demand,0.0,0.0,29.997464552586894,85.3690878284629,0.0,27.626795339907517,False
72,60,Knitted fabrics,Knitted or crocheted fabrics,XI,Textiles and textile articles,15697468.0,1924463119.3333333,278637512.09,518649797.6666667,5.633652081608349,0.8156803755967987,0.5754188895177728,"2022, 2023, 2024",0.7877094447588864,1515917775.1890144,11026249.920282604,143109272.64463726,11026249.920282604,demand,0.0,0.0,20.179002027803453,80.28339295166394,0.0,32.06706520680265,False
73,49,Printed products,"Printed books, newspapers, pictures and other products of the printing industry; manuscripts and typescripts",X,"Pulp, paper and printed products",18887287.0,206702183.0,2013552452.0286667,126643473.66666667,0.9380081944709678,9.137439540249074,0.2401672490168038,"2022, 2023, 2024",0.6200836245084019,128172638.82843898,79680343.09929778,12100058.074320428,12100058.074320428,supply,0.0,0.0,45.97230530669888,59.47580909097262,76.29617762004032,0.375193695077855,False
74,42,Leather goods,"Articles of leather; saddlery and harness; travel goods, handbags; articles of animal gut",VIII,"Hides, skins, leather and furs",32245584.666666668,490598064.0,5671273550.262,589734152.0,0.5685774875940696,6.572709318043021,-0.09176444665054773,"2022, 2023, 2024",0.45411777667472614,222789302.064605,224423764.99284524,21032285.189410485,21032285.189410485,supply,0.0,0.0,59.47723974427721,64.13232121220652,85.63183151851379,0.23154579080391471,False
75,43,Furskins,Furskins and artificial fur; manufactures thereof,VIII,"Hides, skins, leather and furs",15798454.333333334,152050963.33333334,104128827.26666667,50981351.0,15.172027524015604,10.390236264862862,0.4978006218625859,"2022, 2023, 2024",0.748900310931293,113871013.71773596,4120588.3039084543,10749922.070424177,4120588.3039084543,demand,0.0,0.0,7.342202114064665,58.479297050865064,0.0,6.445629864989095,False
76,46,Basketware,"Manufactures of straw, esparto or other plaiting materials; basketware and wickerwork",IX,"Wood, cork and straw",861227.0,4963691.666666667,161449434.48066667,20126921.666666668,0.5334345101736052,17.350533792892723,-0.604338754041352,"2022, 2023, 2024",0.19783062297932402,981970.2146939458,6388880.666925863,92702.28602341363,92702.28602341363,supply,0.0,0.0,13.061845910015418,18.443707780681713,86.51990786964572,0.03584965164990125,True
77,52,Cotton,Cotton,XI,Textiles and textile articles,52126074.333333336,2180685451.6666665,467206069.5013333,3321933014.0,11.15697713194725,2.3903527348932476,-0.20740081643931793,"2022, 2023, 2024",0.396299591780341,864204754.2968285,18488289.13219222,81584711.1417609,18488289.13219222,demand,0.0,0.0,26.91975965084116,75.55008029247125,0.0,10.902631369552067,False
78,50,Silk,Silk,XI,Textiles and textile articles,20997.666666666668,1763439.3333333333,104165904.47933334,26525744.333333332,0.02015790749537689,1.1907223724547373,-0.8753276620412908,"2022, 2023, 2024",0.06233616897935462,109926.05226750713,4122055.524205333,10377.5004437413,10377.5004437413,supply,0.0,0.0,7.346845081618962,0.0,99.4906020420306,0.006220111869709089,True
79,53,Other vegetable fibres,Other vegetable textile fibres; paper yarn and woven fabrics of paper yarn,XI,Textiles and textile articles,1497775.3333333333,65651837.666666664,117956104.44966666,324104320.3333333,1.2697734808396055,2.281391331249509,-0.6631132757283251,"2022, 2023, 2024",0.16844336213583744,11058616.266969545,4667761.628825071,1043981.775479107,1043981.775479107,supply,0.0,0.0,8.968299485638381,38.83861849977637,67.91234316499704,0.5525906346951962,True
80,55,Man-made staple fibres,Man-made staple fibres,XI,Textiles and textile articles,33348132.333333332,1760437383.0,606108858.653,1857210574.0,5.502003783189265,1.8943094855497813,-0.02675030631787923,"2022, 2023, 2024",0.4866248468410604,856672571.8756522,23984953.441037674,80873640.15535013,23984953.441037674,demand,0.0,0.0,30.31439381930828,75.4763478920516,0.0,8.330812960378232,False
81,63,Other textile articles,Other made-up textile articles; sets; worn clothing and worn textile articles; rags,XI,Textiles and textile articles,171140038.66666666,2423011532.6666665,3324625514.075667,252156708.33333334,5.147648598078213,7.063112839513273,0.8114834764642128,"2022, 2023, 2024",0.9057417382321065,2194622677.353947,131562155.91569647,207181985.87412792,131562155.91569647,demand,0.0,0.0,52.51219037534841,83.39972407388765,0.0,3.890812319384193,False
82,75,Nickel,Nickel and articles thereof,XV,Base metals and articles of base metal,7789865.333333333,201556316.0,1607563218.596,433945098.3333333,0.4845759870107491,3.8648579652216566,-0.3656778365743191,"2022, 2023, 2024",0.3171610817128404,63925819.20861508,63614527.98633978,6034877.115295257,6034877.115295257,supply,0.0,0.0,43.03554369002349,53.61647254710883,87.75458125696368,0.23438585271160908,True
83,81,Other base metals,Other base metals; cermets; articles thereof,XV,Base metals and articles of base metal,11599086.333333334,253846337.0,1586172760.436,409637523.0,0.7312624843049901,4.569333743560512,-0.23480780075042065,"2022, 2023, 2024",0.3825960996247897,97120618.44023994,62768064.29301867,9168611.445331909,9168611.445331909,supply,0.0,0.0,42.86084307825226,57.13912855875526,81.5207200286031,0.36089769230484775,False
84,69,Ceramics,Ceramic products,XIII,"Stone, cement, ceramics and glass",105014520.33333333,1542159272.3333333,2538607462.6376667,599515587.3333334,4.136697850254526,6.809576819808191,0.44014322750499785,"2022, 2023, 2024",0.720071613752499,1110465115.8924427,100457831.83527778,104832767.0759025,100457831.83527778,demand,0.0,0.0,48.994283072739705,77.66187389263959,0.0,2.578294493184775,False
85,67,Feathers and artificial flowers,Prepared feathers and down; artificial flowers; articles of human hair,XII,"Footwear, headgear and accessories",317204.3333333333,9457982.0,185543668.432,39155910.333333336,0.17095939517310216,3.3538267817948197,-0.610893859921811,"2022, 2023, 2024",0.1945530700390945,1840079.434474495,7342338.236915035,173711.55202871506,173711.55202871506,supply,0.0,0.0,14.875934886012812,23.733225881709842,95.67979132671215,0.05845391259412057,True
86,66,Umbrellas and walking sticks,"Umbrellas, sun umbrellas, walking sticks, whips, riding crops and parts thereof",XII,"Footwear, headgear and accessories",2338356.0,13900094.666666666,174461273.14533332,18107039.333333332,1.3403295515630307,16.822590464851512,-0.13143771843697927,"2022, 2023, 2024",0.43428114078151037,6036548.968810988,6903785.440381741,569876.6426184035,569876.6426184035,supply,0.0,0.0,14.072724581191192,33.739667592531745,66.12936453206602,0.2039448973210887,False
87,74,Copper,Copper and articles thereof,XV,Base metals and articles of base metal,121874781.66666667,2698101833.0,4915799491.157333,5725088785.333333,2.4792463949332793,4.517056405211918,-0.3593634632635528,"2022, 2023, 2024",0.32031826836822364,864251307.02769,194528128.4667489,81589105.92330001,81589105.92330001,supply,0.0,0.0,57.612796036602006,75.55053399531477,37.34850449275824,1.0362607239323838,True
88,85,Electrical equipment,Electrical machinery and equipment and parts thereof; sound and television recorders and reproducers,XVI,Machinery and electrical equipment,719406236.6666666,15201897456.333334,68467411940.65768,25568442469.333332,1.050727954037744,4.732345016358148,-0.254266828088765,"2022, 2023, 2024",0.3728665859556175,5668279604.590396,2709393971.364443,535110402.8437295,535110402.8437295,supply,0.0,0.0,91.96358515009075,91.39187965683828,73.44770659896406,0.4879670601767668,True
89,86,Railway equipment,"Railway or tramway locomotives, rolling stock and parts thereof; track fixtures and signalling equipment",XVII,"Vehicles, aircraft and transport equipment",20579078.0,351763312.0,1191646285.3326666,225293102.0,1.7269451726822636,5.850262747128103,0.21916437792163593,"2022, 2023, 2024",0.609582188960818,214428649.72506717,47155853.711507276,20243003.01676972,20243003.01676972,supply,0.0,0.0,39.13104717178361,63.81015513867592,56.359441341259895,1.060617040628721,False
90,87,Vehicles,"Vehicles other than railway or tramway rolling stock, and parts and accessories thereof",XVII,"Vehicles, aircraft and transport equipment",3756207401.3333335,30022456045.333332,80962063409.25099,27203018474.333332,4.639465995754422,12.511326174186191,0.0492689242800607,"2022, 2023, 2024",0.5246344621400304,15750815079.466156,3203832601.4188066,1486945879.5689178,1486945879.5689178,supply,0.0,0.0,94.14968475743288,100.0,0.0,1.1466862842877512,False
91,84,Machinery,"Nuclear reactors, boilers, machinery and mechanical appliances; parts thereof",XVI,Machinery and electrical equipment,959507084.3333334,24495547399.0,89353411501.83867,38366412391.333336,1.0738337442366026,3.917067329438427,-0.22065594261772192,"2022, 2023, 2024",0.38967202869113904,9545229648.868284,3535895217.6220155,901111455.1415846,901111455.1415846,supply,0.0,0.0,95.43584851297565,95.78145307496553,72.86381452845687,0.629648823657975,False
92,90,Optical and medical instruments,"Optical, photographic, cinematographic, measuring, checking, precision, medical or surgical instruments and apparatus",XVIII,"Instruments, clocks and musical instruments",54953094.333333336,1830304408.0,23322278819.95167,6161644495.333333,0.23562489222246252,3.002401900642384,-0.5419629354145132,"2022, 2023, 2024",0.22901853229274338,419173629.16909856,922909744.0987735,39571825.17681274,39571825.17681274,supply,0.0,0.0,77.91825590237772,69.4560034071635,94.0456697217998,0.10593662258869137,True
93,93,Arms and ammunition,Arms and ammunition; parts and accessories thereof,XIX,Arms and ammunition,23701065.333333332,1820730754.3333333,256944709.17966667,279522010.6666667,9.224188896125717,1.3017336735222862,0.7338205997632226,"2022, 2023, 2024",0.8669102998816113,1578410244.2427824,10167821.833674114,149008835.2320191,10167821.833674114,demand,0.0,0.0,19.12195567972797,80.62364838769368,0.0,36.20790229777131,False
94,91,Clocks and watches,Clocks and watches and parts thereof,XVIII,"Instruments, clocks and musical instruments",1594036.0,51690236.666666664,3577070850.8606668,462374940.6666667,0.04456260629046429,3.083824147061686,-0.7988961752484184,"2022, 2023, 2024",0.10055191237579081,5197552.1479905555,141551928.4833694,490671.6707235367,490671.6707235367,supply,0.0,0.0,53.46668206780725,32.47924556585318,98.87388605928652,0.008564351163517071,True
95,95,Toys and sports equipment,"Toys, games and sports requisites; parts and accessories thereof",XX,Miscellaneous manufactured articles,16749427.0,254928923.33333334,6302815552.803666,480736971.0,0.2657451556320634,6.570234079755329,-0.306943749066002,"2022, 2023, 2024",0.34652812546699896,88340041.9300203,249415159.3781458,8339686.593110659,8339686.593110659,supply,0.0,0.0,60.85422660914605,56.34098554478024,93.28451925626314,0.08261257445459792,True
96,97,Works of art and antiques,"Works of art, collectors' pieces and antiques",XXI,Works of art and antiques,803448.6666666666,14959053.666666666,1535399349.1376667,29154285.333333332,0.05232831882584235,5.370985923106856,-0.32179000702410365,"2022, 2023, 2024",0.3391049964879482,5072689.841098028,60758857.71461692,478884.1224721858,478884.1224721858,supply,0.0,0.0,42.43654786636624,32.274432963790176,98.6776435619635,0.019473324915167355,True
