dataset,refYear,reporterCode,partnerCode,flowCode,cmdCode,primaryValue,netWgt,classificationCode
france_imports_from_world,2015,251,0,M,7101,11877906.0,11930.0,H4
france_imports_from_world,2015,251,0,M,7102,834834079.0,35819.0,H4
france_imports_from_world,2015,251,0,M,7103,325034837.0,571310.0,H4
france_imports_from_world,2015,251,0,M,7104,14984924.0,25335.0,H4
france_imports_from_world,2015,251,0,M,7105,4182737.0,11524.0,H4
france_imports_from_world,2015,251,0,M,7106,287554138.0,1499506.0,H4
france_imports_from_world,2015,251,0,M,7107,9592117.0,135807.0,H4
france_imports_from_world,2015,251,0,M,7108,541907208.0,44113.0,H4
france_imports_from_world,2015,251,0,M,7109,716139.0,1624227.0,H4
france_imports_from_world,2015,251,0,M,7110,171699986.0,23161.0,H4
france_imports_from_world,2015,251,0,M,7111,604274.0,5152.0,H4
france_imports_from_world,2015,251,0,M,7112,58391503.0,1381187.0,H4
france_imports_from_world,2015,251,0,M,7113,3972075439.0,529009.0,H4
france_imports_from_world,2015,251,0,M,7114,15748502.0,1025999.0,H4
france_imports_from_world,2015,251,0,M,7115,85134393.0,1141022.0,H4
france_imports_from_world,2015,251,0,M,7116,31044206.0,118136.0,H4
france_imports_from_world,2015,251,0,M,7117,572761279.0,6560945.0,H4
france_imports_from_world,2015,251,0,M,7118,15590314.0,1444747.0,H4
france_imports_from_world,2016,251,0,M,7101,7638113.0,2510.0,H4
france_imports_from_world,2016,251,0,M,7102,841179570.0,108855.0,H4
france_imports_from_world,2016,251,0,M,7103,343744061.0,459281.0,H4
france_imports_from_world,2016,251,0,M,7104,15861446.0,33737.0,H4
france_imports_from_world,2016,251,0,M,7105,3556316.0,5997.0,H4
france_imports_from_world,2016,251,0,M,7106,279816989.0,828794.0,H4
france_imports_from_world,2016,251,0,M,7107,6413156.0,48546.0,H4
france_imports_from_world,2016,251,0,M,7108,659264079.0,23936.0,H4
france_imports_from_world,2016,251,0,M,7109,763257.0,788333.0,H4
france_imports_from_world,2016,251,0,M,7110,117774433.0,29748.0,H4
france_imports_from_world,2016,251,0,M,7111,434249.0,1470.0,H4
france_imports_from_world,2016,251,0,M,7112,62245644.0,1753942.0,H4
france_imports_from_world,2016,251,0,M,7113,4096008439.0,377953.0,H4
france_imports_from_world,2016,251,0,M,7114,11375127.0,338149.0,H4
france_imports_from_world,2016,251,0,M,7115,85570168.0,208324.0,H4
france_imports_from_world,2016,251,0,M,7116,24856430.0,161217.0,H4
france_imports_from_world,2016,251,0,M,7117,564892004.0,6013847.0,H4
france_imports_from_world,2016,251,0,M,7118,15694138.0,248737.0,H4
france_imports_from_world,2017,251,0,M,7101,8510147.361,1241.218,H5
france_imports_from_world,2017,251,0,M,7102,768192927.518,,H5
france_imports_from_world,2017,251,0,M,7103,367091883.299,398098.227,H5
france_imports_from_world,2017,251,0,M,7104,12690234.599,,H5
france_imports_from_world,2017,251,0,M,7105,3963858.684,5720.57,H5
france_imports_from_world,2017,251,0,M,7106,332066207.641,865060.861,H5
france_imports_from_world,2017,251,0,M,7107,6643986.818,42931.211,H5
france_imports_from_world,2017,251,0,M,7108,914394930.775,,H5
france_imports_from_world,2017,251,0,M,7109,1120798.649,291844.547,H5
france_imports_from_world,2017,251,0,M,7110,134437416.768,,H5
france_imports_from_world,2017,251,0,M,7111,187667.02,492.169,H5
france_imports_from_world,2017,251,0,M,7112,51759660.869,1283920.382,H5
france_imports_from_world,2017,251,0,M,7113,4383396146.62,544130.22,H5
france_imports_from_world,2017,251,0,M,7114,11793653.697,1803208.349,H5
france_imports_from_world,2017,251,0,M,7115,89289455.225,232136.97,H5
france_imports_from_world,2017,251,0,M,7116,29082520.972,137663.241,H5
france_imports_from_world,2017,251,0,M,7117,533573040.536,5187270.308,H5
france_imports_from_world,2017,251,0,M,7118,7779920.687,1340510.654,H5
france_imports_from_world,2018,251,0,M,7101,10256791.574,54.485,H5
france_imports_from_world,2018,251,0,M,7102,1024202060.172,,H5
france_imports_from_world,2018,251,0,M,7103,437255454.414,,H5
france_imports_from_world,2018,251,0,M,7104,9215536.465,,H5
france_imports_from_world,2018,251,0,M,7105,3512261.47,,H5
france_imports_from_world,2018,251,0,M,7106,283799872.245,,H5
france_imports_from_world,2018,251,0,M,7107,5411295.024,29231.165,H5
france_imports_from_world,2018,251,0,M,7108,976501406.394,20663.884,H5
france_imports_from_world,2018,251,0,M,7109,795675.962,,H5
france_imports_from_world,2018,251,0,M,7110,116082199.03,3117.6,H5
france_imports_from_world,2018,251,0,M,7111,100426.819,15.122,H5
france_imports_from_world,2018,251,0,M,7112,59096878.954,,H5
france_imports_from_world,2018,251,0,M,7113,4780979810.143,167744.449,H5
france_imports_from_world,2018,251,0,M,7114,9177704.801,,H5
france_imports_from_world,2018,251,0,M,7115,85805514.478,,H5
france_imports_from_world,2018,251,0,M,7116,28760610.8,,H5
france_imports_from_world,2018,251,0,M,7117,501605658.359,,H5
france_imports_from_world,2018,251,0,M,7118,8931760.582,14993.782,H5
france_imports_from_world,2019,251,0,M,7101,7326209.931,2753.288,H5
france_imports_from_world,2019,251,0,M,7102,901307648.911,23747.977,H5
france_imports_from_world,2019,251,0,M,7103,296913117.882,462929.145,H5
france_imports_from_world,2019,251,0,M,7104,12673151.02,25619.328,H5
france_imports_from_world,2019,251,0,M,7105,2842184.955,4055.62,H5
france_imports_from_world,2019,251,0,M,7106,284678696.434,,H5
france_imports_from_world,2019,251,0,M,7107,5570104.821,61111.15,H5
france_imports_from_world,2019,251,0,M,7108,1089849441.152,,H5
france_imports_from_world,2019,251,0,M,7109,663592.922,74242.267,H5
france_imports_from_world,2019,251,0,M,7110,135505961.694,,H5
france_imports_from_world,2019,251,0,M,7111,150262.706,130.57,H5
france_imports_from_world,2019,251,0,M,7112,36415502.851,1444646.745,H5
france_imports_from_world,2019,251,0,M,7113,6141017582.65,,H5
france_imports_from_world,2019,251,0,M,7114,10406241.607,147444.652,H5
france_imports_from_world,2019,251,0,M,7115,79843716.926,865998.675,H5
france_imports_from_world,2019,251,0,M,7116,40247147.003,233934.679,H5
france_imports_from_world,2019,251,0,M,7117,517631614.28,7790039.062,H5
france_imports_from_world,2019,251,0,M,7118,7131651.939,53460.442,H5
france_imports_from_world,2020,251,0,M,7101,6756942.639,,H5
france_imports_from_world,2020,251,0,M,7102,485137139.992,13367.121,H5
france_imports_from_world,2020,251,0,M,7103,183557671.564,,H5
france_imports_from_world,2020,251,0,M,7104,10515731.444,20187.855,H5
france_imports_from_world,2020,251,0,M,7105,2489810.125,6579.238,H5
france_imports_from_world,2020,251,0,M,7106,327925379.695,723160.664,H5
france_imports_from_world,2020,251,0,M,7107,6229350.456,146257.877,H5
france_imports_from_world,2020,251,0,M,7108,1235459466.7,,H5
france_imports_from_world,2020,251,0,M,7109,1044230.706,223306.729,H5
france_imports_from_world,2020,251,0,M,7110,168144324.551,,H5
france_imports_from_world,2020,251,0,M,7111,253420.534,967.535,H5
france_imports_from_world,2020,251,0,M,7112,48276577.533,2242822.796,H5
france_imports_from_world,2020,251,0,M,7113,6450642958.821,1620034.722,H5
france_imports_from_world,2020,251,0,M,7114,13698495.022,670515.264,H5
france_imports_from_world,2020,251,0,M,7115,76452133.723,207901.067,H5
france_imports_from_world,2020,251,0,M,7116,38102329.843,,H5
france_imports_from_world,2020,251,0,M,7117,454524426.114,3607260.443,H5
france_imports_from_world,2020,251,0,M,7118,8558901.046,,H5
france_imports_from_world,2021,251,0,M,7101,7978115.237,,H5
france_imports_from_world,2021,251,0,M,7102,682428337.371,38534.52,H5
france_imports_from_world,2021,251,0,M,7103,278139348.66,,H5
france_imports_from_world,2021,251,0,M,7104,14110690.06,19112.817,H5
france_imports_from_world,2021,251,0,M,7105,3131985.965,11521.576,H5
france_imports_from_world,2021,251,0,M,7106,546926686.632,,H5
france_imports_from_world,2021,251,0,M,7107,7578710.461,41123.745,H5
france_imports_from_world,2021,251,0,M,7108,1546148575.289,,H5
france_imports_from_world,2021,251,0,M,7109,1847451.862,173102.308,H5
france_imports_from_world,2021,251,0,M,7110,275884877.978,,H5
france_imports_from_world,2021,251,0,M,7111,143616.711,1791.06,H5
france_imports_from_world,2021,251,0,M,7112,68336330.389,8507971.788,H5
france_imports_from_world,2021,251,0,M,7113,7026242122.956,1208833.592,H5
france_imports_from_world,2021,251,0,M,7114,17152440.236,,H5
france_imports_from_world,2021,251,0,M,7115,104523852.336,190010.513,H5
france_imports_from_world,2021,251,0,M,7116,37527988.97,304481.975,H5
france_imports_from_world,2021,251,0,M,7117,562049533.613,4362735.218,H5
france_imports_from_world,2021,251,0,M,7118,13242682.499,32937.467,H5
france_imports_from_world,2022,251,0,M,7101,9881545.853,,H6
france_imports_from_world,2022,251,0,M,7102,1142246196.11,38663.613,H6
france_imports_from_world,2022,251,0,M,7103,436136991.61,837137.652,H6
france_imports_from_world,2022,251,0,M,7104,18540922.842,,H6
france_imports_from_world,2022,251,0,M,7105,2894245.654,17427.331,H6
france_imports_from_world,2022,251,0,M,7106,497971211.909,,H6
france_imports_from_world,2022,251,0,M,7107,11225922.284,48132.538,H6
france_imports_from_world,2022,251,0,M,7108,1984913619.131,,H6
france_imports_from_world,2022,251,0,M,7109,2731417.295,60109.484,H6
france_imports_from_world,2022,251,0,M,7110,287575885.26,,H6
france_imports_from_world,2022,251,0,M,7111,192380.668,13451.91,H6
france_imports_from_world,2022,251,0,M,7112,63798994.02,9789902.905,H6
france_imports_from_world,2022,251,0,M,7113,8276230231.283,2875649.833,H6
france_imports_from_world,2022,251,0,M,7114,13776845.909,,H6
france_imports_from_world,2022,251,0,M,7115,117657177.68,192054.296,H6
france_imports_from_world,2022,251,0,M,7116,53435622.392,438585.557,H6
france_imports_from_world,2022,251,0,M,7117,583422382.545,4675081.157,H6
france_imports_from_world,2022,251,0,M,7118,11001542.234,184950.134,H6
france_imports_from_world,2023,251,0,M,7101,8651897.149,,H6
france_imports_from_world,2023,251,0,M,7102,1295444290.996,,H6
france_imports_from_world,2023,251,0,M,7103,609225095.683,986312.936,H6
france_imports_from_world,2023,251,0,M,7104,18584989.113,,H6
france_imports_from_world,2023,251,0,M,7105,2329141.715,5524.318,H6
france_imports_from_world,2023,251,0,M,7106,408165499.604,1397895.038,H6
france_imports_from_world,2023,251,0,M,7107,7092520.76,41125.195,H6
france_imports_from_world,2023,251,0,M,7108,2367583851.855,,H6
france_imports_from_world,2023,251,0,M,7109,2264283.817,32926.439,H6
france_imports_from_world,2023,251,0,M,7110,256649910.969,,H6
france_imports_from_world,2023,251,0,M,7111,195211.525,2363.259,H6
france_imports_from_world,2023,251,0,M,7112,54888808.124,2727200.465,H6
france_imports_from_world,2023,251,0,M,7113,9039821409.547,,H6
france_imports_from_world,2023,251,0,M,7114,22150955.67,,H6
france_imports_from_world,2023,251,0,M,7115,112048439.715,242712.276,H6
france_imports_from_world,2023,251,0,M,7116,56340435.096,380349.717,H6
france_imports_from_world,2023,251,0,M,7117,615338137.442,5080754.424,H6
france_imports_from_world,2023,251,0,M,7118,7827160.812,,H6
france_imports_from_world,2024,251,0,M,7101,6740951.855,,H6
france_imports_from_world,2024,251,0,M,7102,970291860.667,,H6
france_imports_from_world,2024,251,0,M,7103,462214760.782,,H6
france_imports_from_world,2024,251,0,M,7104,19190522.213,,H6
france_imports_from_world,2024,251,0,M,7105,2231300.259,4360.305,H6
france_imports_from_world,2024,251,0,M,7106,574315766.36,843610.115,H6
france_imports_from_world,2024,251,0,M,7107,8185911.369,41475.894,H6
france_imports_from_world,2024,251,0,M,7108,3204848908.082,,H6
france_imports_from_world,2024,251,0,M,7109,1242741.619,19318.908,H6
france_imports_from_world,2024,251,0,M,7110,234025087.913,,H6
france_imports_from_world,2024,251,0,M,7111,432143.646,6359.178,H6
france_imports_from_world,2024,251,0,M,7112,77878217.933,12499304.346,H6
france_imports_from_world,2024,251,0,M,7113,8793036402.961,,H6
france_imports_from_world,2024,251,0,M,7114,16454567.476,,H6
france_imports_from_world,2024,251,0,M,7115,108876314.933,,H6
france_imports_from_world,2024,251,0,M,7116,71935602.846,388983.042,H6
france_imports_from_world,2024,251,0,M,7117,609910178.996,5603328.629,H6
france_imports_from_world,2024,251,0,M,7118,7601931.392,28837.938,H6
turkey_exports_to_france,2015,792,251,X,7106,1002250.0,2075.0,H4
turkey_exports_to_france,2015,792,251,X,7107,972.0,39.0,H4
turkey_exports_to_france,2015,792,251,X,7108,36681.0,1.0,H4
turkey_exports_to_france,2015,792,251,X,7113,13395338.0,7102.0,H4
turkey_exports_to_france,2015,792,251,X,7114,589.0,9.0,H4
turkey_exports_to_france,2015,792,251,X,7117,424078.0,3131.0,H4
turkey_exports_to_france,2016,792,251,X,7101,6226.0,1.0,H4
turkey_exports_to_france,2016,792,251,X,7102,162585.0,19.0,H4
turkey_exports_to_france,2016,792,251,X,7103,29837.0,27.0,H4
turkey_exports_to_france,2016,792,251,X,7104,187.0,4.0,H4
turkey_exports_to_france,2016,792,251,X,7106,1127500.0,2150.0,H4
turkey_exports_to_france,2016,792,251,X,7107,2342.0,84.0,H4
turkey_exports_to_france,2016,792,251,X,7108,319776.0,8.0,H4
turkey_exports_to_france,2016,792,251,X,7113,15672517.0,11244.0,H4
turkey_exports_to_france,2016,792,251,X,7114,17799.0,37.0,H4
turkey_exports_to_france,2016,792,251,X,7115,1390.0,17.0,H4
turkey_exports_to_france,2016,792,251,X,7116,61862.0,219.0,H4
turkey_exports_to_france,2016,792,251,X,7117,558575.0,4575.0,H4
turkey_exports_to_france,2017,792,251,X,7102,232231.0,34.0,H5
turkey_exports_to_france,2017,792,251,X,7103,126100.0,446.0,H5
turkey_exports_to_france,2017,792,251,X,7104,1747.0,9.0,H5
turkey_exports_to_france,2017,792,251,X,7106,14295.0,26.0,H5
turkey_exports_to_france,2017,792,251,X,7107,1759.0,101.0,H5
turkey_exports_to_france,2017,792,251,X,7108,1227.0,1.0,H5
turkey_exports_to_france,2017,792,251,X,7112,16265.0,23060.0,H5
turkey_exports_to_france,2017,792,251,X,7113,17111718.0,13743.0,H5
turkey_exports_to_france,2017,792,251,X,7115,161.0,1.0,H5
turkey_exports_to_france,2017,792,251,X,7116,4925.0,14.0,H5
turkey_exports_to_france,2017,792,251,X,7117,352335.0,4537.0,H5
turkey_exports_to_france,2018,792,251,X,7101,853.0,1.0,H5
turkey_exports_to_france,2018,792,251,X,7102,153499.0,30.0,H5
turkey_exports_to_france,2018,792,251,X,7103,71897.0,46.0,H5
turkey_exports_to_france,2018,792,251,X,7106,709791.0,1791.0,H5
turkey_exports_to_france,2018,792,251,X,7107,1431.0,221.0,H5
turkey_exports_to_france,2018,792,251,X,7113,18922437.0,17070.0,H5
turkey_exports_to_france,2018,792,251,X,7115,809.0,63.0,H5
turkey_exports_to_france,2018,792,251,X,7117,245582.0,1761.0,H5
turkey_exports_to_france,2019,792,251,X,7101,211.0,1.0,H5
turkey_exports_to_france,2019,792,251,X,7102,27408.0,38.0,H5
turkey_exports_to_france,2019,792,251,X,7103,11402.0,31.0,H5
turkey_exports_to_france,2019,792,251,X,7106,1505132.0,15691.0,H5
turkey_exports_to_france,2019,792,251,X,7108,10507.0,1.0,H5
turkey_exports_to_france,2019,792,251,X,7112,23094.0,23094.0,H5
turkey_exports_to_france,2019,792,251,X,7113,15050239.0,9283.0,H5
turkey_exports_to_france,2019,792,251,X,7114,120932.0,406.0,H5
turkey_exports_to_france,2019,792,251,X,7117,277104.0,2858.0,H5
turkey_exports_to_france,2020,792,251,X,7102,26189.0,5.031,H5
turkey_exports_to_france,2020,792,251,X,7103,18345.0,54.0,H5
turkey_exports_to_france,2020,792,251,X,7106,3670085.0,43568.0,H5
turkey_exports_to_france,2020,792,251,X,7107,1687.0,29.0,H5
turkey_exports_to_france,2020,792,251,X,7112,63237.0,39386.0,H5
turkey_exports_to_france,2020,792,251,X,7113,10844442.0,2209.0,H5
turkey_exports_to_france,2020,792,251,X,7114,48833.0,210.0,H5
turkey_exports_to_france,2020,792,251,X,7115,89322.0,371.0,H5
turkey_exports_to_france,2020,792,251,X,7116,2450.0,36.0,H5
turkey_exports_to_france,2020,792,251,X,7117,670291.0,9003.0,H5
turkey_exports_to_france,2021,792,251,X,7101,136.0,1.0,H5
turkey_exports_to_france,2021,792,251,X,7102,18108.0,3.0,H5
turkey_exports_to_france,2021,792,251,X,7103,39916.0,68.0,H5
turkey_exports_to_france,2021,792,251,X,7104,1198.0,5.0,H5
turkey_exports_to_france,2021,792,251,X,7106,5095506.0,41585.0,H5
turkey_exports_to_france,2021,792,251,X,7107,852.0,26.0,H5
turkey_exports_to_france,2021,792,251,X,7108,14706.0,36.008,H5
turkey_exports_to_france,2021,792,251,X,7109,519.0,4.0,H5
turkey_exports_to_france,2021,792,251,X,7110,279.0,1.0,H5
turkey_exports_to_france,2021,792,251,X,7112,293.0,,H5
turkey_exports_to_france,2021,792,251,X,7113,21636042.0,5603.0,H5
turkey_exports_to_france,2021,792,251,X,7114,182761.0,670.0,H5
turkey_exports_to_france,2021,792,251,X,7115,18284.0,59.0,H5
turkey_exports_to_france,2021,792,251,X,7116,30995.0,321.0,H5
turkey_exports_to_france,2021,792,251,X,7117,2516123.0,73356.0,H5
turkey_exports_to_france,2021,792,251,X,7118,2160.0,69.0,H5
turkey_exports_to_france,2022,792,251,X,7101,828.0,2.0,H6
turkey_exports_to_france,2022,792,251,X,7102,495.0,1.0,H6
turkey_exports_to_france,2022,792,251,X,7103,83355.0,2035.0,H6
turkey_exports_to_france,2022,792,251,X,7104,6766.0,9.0,H6
turkey_exports_to_france,2022,792,251,X,7106,5213717.0,43239.0,H6
turkey_exports_to_france,2022,792,251,X,7107,716.0,4.0,H6
turkey_exports_to_france,2022,792,251,X,7108,18982.0,21.0,H6
turkey_exports_to_france,2022,792,251,X,7109,290.0,2.0,H6
turkey_exports_to_france,2022,792,251,X,7111,109.0,1.0,H6
turkey_exports_to_france,2022,792,251,X,7112,387.0,,H6
turkey_exports_to_france,2022,792,251,X,7113,31800540.0,4944.0,H6
turkey_exports_to_france,2022,792,251,X,7114,65582.0,125.0,H6
turkey_exports_to_france,2022,792,251,X,7115,19212.0,108.0,H6
turkey_exports_to_france,2022,792,251,X,7116,28821.0,214.0,H6
turkey_exports_to_france,2022,792,251,X,7117,2912446.0,53132.0,H6
turkey_exports_to_france,2022,792,251,X,7118,113.0,1.0,H6
turkey_exports_to_france,2023,792,251,X,7103,70058.0,4212.0,H6
turkey_exports_to_france,2023,792,251,X,7106,5342055.0,49800.0,H6
turkey_exports_to_france,2023,792,251,X,7107,97987.0,3631.0,H6
turkey_exports_to_france,2023,792,251,X,7108,8396.0,11.0,H6
turkey_exports_to_france,2023,792,251,X,7110,108.0,,H6
turkey_exports_to_france,2023,792,251,X,7113,23670807.0,7558.0,H6
turkey_exports_to_france,2023,792,251,X,7114,69175.0,41.0,H6
turkey_exports_to_france,2023,792,251,X,7115,18944.0,114.0,H6
turkey_exports_to_france,2023,792,251,X,7116,22536.0,214.0,H6
turkey_exports_to_france,2023,792,251,X,7117,4348608.0,52552.0,H6
turkey_exports_to_france,2024,792,251,X,7101,1005.0,1.0,H6
turkey_exports_to_france,2024,792,251,X,7103,12353.0,63.0,H6
turkey_exports_to_france,2024,792,251,X,7104,3401.0,7.0,H6
turkey_exports_to_france,2024,792,251,X,7106,5486495.0,39146.0,H6
turkey_exports_to_france,2024,792,251,X,7107,216099.0,4736.0,H6
turkey_exports_to_france,2024,792,251,X,7108,7236.0,10.003,H6
turkey_exports_to_france,2024,792,251,X,7109,5970.0,99.0,H6
turkey_exports_to_france,2024,792,251,X,7110,5760.0,1.0,H6
turkey_exports_to_france,2024,792,251,X,7111,5319.0,4.0,H6
turkey_exports_to_france,2024,792,251,X,7112,506.0,6.0,H6
turkey_exports_to_france,2024,792,251,X,7113,43197114.0,13221.0,H6
turkey_exports_to_france,2024,792,251,X,7114,36911.0,108.0,H6
turkey_exports_to_france,2024,792,251,X,7115,9947.0,78.0,H6
turkey_exports_to_france,2024,792,251,X,7116,50558.0,702.0,H6
turkey_exports_to_france,2024,792,251,X,7117,2985938.0,34418.0,H6
turkey_exports_to_france,2024,792,251,X,7118,11.0,1.0,H6
turkey_exports_to_world,2015,792,0,X,7101,3874.0,4.0,H4
turkey_exports_to_world,2015,792,0,X,7102,9258401.0,53.0,H4
turkey_exports_to_world,2015,792,0,X,7103,451247.0,141989.0,H4
turkey_exports_to_world,2015,792,0,X,7104,610630.0,630.0,H4
turkey_exports_to_world,2015,792,0,X,7105,13440.0,2006.0,H4
turkey_exports_to_world,2015,792,0,X,7106,60800006.0,120296.0,H4
turkey_exports_to_world,2015,792,0,X,7107,30658.0,269.0,H4
turkey_exports_to_world,2015,792,0,X,7108,7379779689.0,192673.0,H4
turkey_exports_to_world,2015,792,0,X,7110,5221663.0,279.0,H4
turkey_exports_to_world,2015,792,0,X,7111,2239.0,88.0,H4
turkey_exports_to_world,2015,792,0,X,7112,25740320.0,1582733.0,H4
turkey_exports_to_world,2015,792,0,X,7113,3759956722.0,243822.0,H4
turkey_exports_to_world,2015,792,0,X,7114,6372052.0,15853.0,H4
turkey_exports_to_world,2015,792,0,X,7115,2330687.0,6987.0,H4
turkey_exports_to_world,2015,792,0,X,7116,410466.0,549.0,H4
turkey_exports_to_world,2015,792,0,X,7117,14487784.0,488153.0,H4
turkey_exports_to_world,2016,792,0,X,7101,9091.0,4.0,H4
turkey_exports_to_world,2016,792,0,X,7102,14536533.0,116.0,H4
turkey_exports_to_world,2016,792,0,X,7103,1104819.0,13907.0,H4
turkey_exports_to_world,2016,792,0,X,7104,195567.0,1292.0,H4
turkey_exports_to_world,2016,792,0,X,7105,1683.0,5000.0,H4
turkey_exports_to_world,2016,792,0,X,7106,98457530.0,175579.0,H4
turkey_exports_to_world,2016,792,0,X,7107,26834.0,807.0,H4
turkey_exports_to_world,2016,792,0,X,7108,8246926041.0,205823.0,H4
turkey_exports_to_world,2016,792,0,X,7110,9575016.0,642.0,H4
turkey_exports_to_world,2016,792,0,X,7111,129.0,120.0,H4
turkey_exports_to_world,2016,792,0,X,7112,18767065.0,1446505.051,H4
turkey_exports_to_world,2016,792,0,X,7113,3765196219.0,220566.0,H4
turkey_exports_to_world,2016,792,0,X,7114,6413816.0,12962.0,H4
turkey_exports_to_world,2016,792,0,X,7115,2528020.0,8307.0,H4
turkey_exports_to_world,2016,792,0,X,7116,2630411.0,6177.0,H4
turkey_exports_to_world,2016,792,0,X,7117,12657545.0,426164.0,H4
turkey_exports_to_world,2016,792,0,X,7118,10418.0,40.0,H4
turkey_exports_to_world,2017,792,0,X,7101,10119.0,31.0,H5
turkey_exports_to_world,2017,792,0,X,7102,10798894.0,146.0,H5
turkey_exports_to_world,2017,792,0,X,7103,1672182.0,34486.0,H5
turkey_exports_to_world,2017,792,0,X,7104,279707.0,1681.0,H5
turkey_exports_to_world,2017,792,0,X,7105,61283.0,0.0,H5
turkey_exports_to_world,2017,792,0,X,7106,45581328.0,86716.0,H5
turkey_exports_to_world,2017,792,0,X,7107,50546.0,422.0,H5
turkey_exports_to_world,2017,792,0,X,7108,6605281777.0,163969.0,H5
turkey_exports_to_world,2017,792,0,X,7109,396.0,148.0,H5
turkey_exports_to_world,2017,792,0,X,7110,7463947.0,0.0,H5
turkey_exports_to_world,2017,792,0,X,7111,19104.0,1239.0,H5
turkey_exports_to_world,2017,792,0,X,7112,45410032.0,3628880.0,H5
turkey_exports_to_world,2017,792,0,X,7113,4140041520.0,237377.0,H5
turkey_exports_to_world,2017,792,0,X,7114,7158215.0,24098.0,H5
turkey_exports_to_world,2017,792,0,X,7115,3492346.0,6717.0,H5
turkey_exports_to_world,2017,792,0,X,7116,5680421.0,11504.0,H5
turkey_exports_to_world,2017,792,0,X,7117,10836985.0,400706.0,H5
turkey_exports_to_world,2017,792,0,X,7118,192.0,8.0,H5
turkey_exports_to_world,2018,792,0,X,7101,2052.0,3.0,H5
turkey_exports_to_world,2018,792,0,X,7102,33202828.0,1414.0,H5
turkey_exports_to_world,2018,792,0,X,7103,833606.0,12790.0,H5
turkey_exports_to_world,2018,792,0,X,7104,258506.0,569.0,H5
turkey_exports_to_world,2018,792,0,X,7105,4165.0,9000.0,H5
turkey_exports_to_world,2018,792,0,X,7106,21992422.0,52278.0,H5
turkey_exports_to_world,2018,792,0,X,7107,36114.0,667.0,H5
turkey_exports_to_world,2018,792,0,X,7108,2587389789.0,65004.0,H5
turkey_exports_to_world,2018,792,0,X,7110,7806297.0,408.0,H5
turkey_exports_to_world,2018,792,0,X,7111,73858.0,1733.0,H5
turkey_exports_to_world,2018,792,0,X,7112,72642117.0,4359052.0,H5
turkey_exports_to_world,2018,792,0,X,7113,4415839194.0,277592.0,H5
turkey_exports_to_world,2018,792,0,X,7114,9888007.0,25194.0,H5
turkey_exports_to_world,2018,792,0,X,7115,7144272.0,19079.0,H5
turkey_exports_to_world,2018,792,0,X,7116,154867.0,10238.0,H5
turkey_exports_to_world,2018,792,0,X,7117,17702821.0,403878.0,H5
turkey_exports_to_world,2019,792,0,X,7101,6203.0,29.0,H5
turkey_exports_to_world,2019,792,0,X,7102,57044097.0,538.0,H5
turkey_exports_to_world,2019,792,0,X,7103,1716927.0,15893.0,H5
turkey_exports_to_world,2019,792,0,X,7104,122798.0,618.0,H5
turkey_exports_to_world,2019,792,0,X,7105,6110.0,7609.0,H5
turkey_exports_to_world,2019,792,0,X,7106,31071925.0,108567.0,H5
turkey_exports_to_world,2019,792,0,X,7107,39403.0,564.0,H5
turkey_exports_to_world,2019,792,0,X,7108,2000620267.0,44256.0,H5
turkey_exports_to_world,2019,792,0,X,7110,16120995.0,0.0,H5
turkey_exports_to_world,2019,792,0,X,7111,15082.0,720.0,H5
turkey_exports_to_world,2019,792,0,X,7112,74329713.0,4942604.768,H5
turkey_exports_to_world,2019,792,0,X,7113,5108694595.0,0.0,H5
turkey_exports_to_world,2019,792,0,X,7114,18264371.0,51426.0,H5
turkey_exports_to_world,2019,792,0,X,7115,16542831.0,1007.0,H5
turkey_exports_to_world,2019,792,0,X,7116,184879.0,1351.0,H5
turkey_exports_to_world,2019,792,0,X,7117,8230658.0,422749.0,H5
turkey_exports_to_world,2020,792,0,X,7101,58069.0,11.0,H5
turkey_exports_to_world,2020,792,0,X,7102,37112794.0,338.031,H5
turkey_exports_to_world,2020,792,0,X,7103,1169914.0,30728.01,H5
turkey_exports_to_world,2020,792,0,X,7104,243710.0,187.0,H5
turkey_exports_to_world,2020,792,0,X,7105,57304.0,33454.0,H5
turkey_exports_to_world,2020,792,0,X,7106,110276109.0,333820.0,H5
turkey_exports_to_world,2020,792,0,X,7107,8297.0,339.0,H5
turkey_exports_to_world,2020,792,0,X,7108,2779978131.0,0.0,H5
turkey_exports_to_world,2020,792,0,X,7109,266.0,0.0,H5
turkey_exports_to_world,2020,792,0,X,7110,41580513.0,0.0,H5
turkey_exports_to_world,2020,792,0,X,7111,336.0,73.0,H5
turkey_exports_to_world,2020,792,0,X,7112,111398347.0,6075802.0,H5
turkey_exports_to_world,2020,792,0,X,7113,3573641301.0,180147.0,H5
turkey_exports_to_world,2020,792,0,X,7114,22140743.0,0.0,H5
turkey_exports_to_world,2020,792,0,X,7115,7588200.0,1640.0,H5
turkey_exports_to_world,2020,792,0,X,7116,298502.0,1215.0,H5
turkey_exports_to_world,2020,792,0,X,7117,6139307.0,358087.0,H5
turkey_exports_to_world,2020,792,0,X,7118,1744381.0,276635.0,H5
turkey_exports_to_world,2021,792,0,X,7101,19432.0,85.0,H5
turkey_exports_to_world,2021,792,0,X,7102,31150817.0,,H5
turkey_exports_to_world,2021,792,0,X,7103,961238.0,37591.0,H5
turkey_exports_to_world,2021,792,0,X,7104,609358.0,443.0,H5
turkey_exports_to_world,2021,792,0,X,7105,80224.0,82057.0,H5
turkey_exports_to_world,2021,792,0,X,7106,348652986.0,619366.0,H5
turkey_exports_to_world,2021,792,0,X,7107,43445.0,1546.0,H5
turkey_exports_to_world,2021,792,0,X,7108,3482598318.0,,H5
turkey_exports_to_world,2021,792,0,X,7109,23900.0,131.0,H5
turkey_exports_to_world,2021,792,0,X,7110,69230080.0,1849.0,H5
turkey_exports_to_world,2021,792,0,X,7111,5041.0,,H5
turkey_exports_to_world,2021,792,0,X,7112,131776719.0,,H5
turkey_exports_to_world,2021,792,0,X,7113,6810356360.0,,H5
turkey_exports_to_world,2021,792,0,X,7114,27397451.0,71002.0,H5
turkey_exports_to_world,2021,792,0,X,7115,5394798.0,2928.0,H5
turkey_exports_to_world,2021,792,0,X,7116,1562920.0,12833.0,H5
turkey_exports_to_world,2021,792,0,X,7117,52799547.0,2302927.0,H5
turkey_exports_to_world,2021,792,0,X,7118,2039068.0,274101.0,H5
turkey_exports_to_world,2022,792,0,X,7101,6748.0,24.0,H6
turkey_exports_to_world,2022,792,0,X,7102,24989627.0,269.0,H6
turkey_exports_to_world,2022,792,0,X,7103,1507468.0,61486.0,H6
turkey_exports_to_world,2022,792,0,X,7104,773646.0,541.0,H6
turkey_exports_to_world,2022,792,0,X,7105,154597.0,,H6
turkey_exports_to_world,2022,792,0,X,7106,688568148.0,1123540.0,H6
turkey_exports_to_world,2022,792,0,X,7107,68571.0,347.0,H6
turkey_exports_to_world,2022,792,0,X,7108,1051002454.0,,H6
turkey_exports_to_world,2022,792,0,X,7109,24487.0,67.0,H6
turkey_exports_to_world,2022,792,0,X,7110,66312217.0,,H6
turkey_exports_to_world,2022,792,0,X,7111,47827.0,,H6
turkey_exports_to_world,2022,792,0,X,7112,102843047.0,,H6
turkey_exports_to_world,2022,792,0,X,7113,8171415331.0,485248.0,H6
turkey_exports_to_world,2022,792,0,X,7114,31345941.0,60734.0,H6
turkey_exports_to_world,2022,792,0,X,7115,613848.0,2914.0,H6
turkey_exports_to_world,2022,792,0,X,7116,3246578.0,13253.0,H6
turkey_exports_to_world,2022,792,0,X,7117,64674897.0,1649510.0,H6
turkey_exports_to_world,2022,792,0,X,7118,229484.0,24269.0,H6
turkey_exports_to_world,2023,792,0,X,7101,68269.0,366.0,H6
turkey_exports_to_world,2023,792,0,X,7102,25588947.0,231.0,H6
turkey_exports_to_world,2023,792,0,X,7103,2507028.0,55640.0,H6
turkey_exports_to_world,2023,792,0,X,7104,828896.0,558.0,H6
turkey_exports_to_world,2023,792,0,X,7105,76326.0,128756.0,H6
turkey_exports_to_world,2023,792,0,X,7106,692369647.0,1104002.0,H6
turkey_exports_to_world,2023,792,0,X,7107,588552.0,17967.0,H6
turkey_exports_to_world,2023,792,0,X,7108,4329534058.0,,H6
turkey_exports_to_world,2023,792,0,X,7109,55733.0,381.0,H6
turkey_exports_to_world,2023,792,0,X,7110,20363685.0,,H6
turkey_exports_to_world,2023,792,0,X,7111,13284.0,58.0,H6
turkey_exports_to_world,2023,792,0,X,7112,81765693.0,,H6
turkey_exports_to_world,2023,792,0,X,7113,8377913363.0,515757.0,H6
turkey_exports_to_world,2023,792,0,X,7114,36808579.0,62924.0,H6
turkey_exports_to_world,2023,792,0,X,7115,7976682.0,4213.0,H6
turkey_exports_to_world,2023,792,0,X,7116,1602028.0,9988.0,H6
turkey_exports_to_world,2023,792,0,X,7117,68746717.0,1804919.0,H6
turkey_exports_to_world,2023,792,0,X,7118,4582.0,28.0,H6
turkey_exports_to_world,2024,792,0,X,7101,19957.0,80.0,H6
turkey_exports_to_world,2024,792,0,X,7102,15084736.0,,H6
turkey_exports_to_world,2024,792,0,X,7103,4490355.0,26481.0,H6
turkey_exports_to_world,2024,792,0,X,7104,829417.0,639.0,H6
turkey_exports_to_world,2024,792,0,X,7105,273461.0,111037.0,H6
turkey_exports_to_world,2024,792,0,X,7106,145025333.0,373478.0,H6
turkey_exports_to_world,2024,792,0,X,7107,2030671.0,52904.0,H6
turkey_exports_to_world,2024,792,0,X,7108,3481781178.0,,H6
turkey_exports_to_world,2024,792,0,X,7109,164092.0,3095.0,H6
turkey_exports_to_world,2024,792,0,X,7110,8641149.0,,H6
turkey_exports_to_world,2024,792,0,X,7111,17079.0,139.0,H6
turkey_exports_to_world,2024,792,0,X,7112,57282284.0,,H6
turkey_exports_to_world,2024,792,0,X,7113,9163710237.0,,H6
turkey_exports_to_world,2024,792,0,X,7114,71704826.0,55906.003,H6
turkey_exports_to_world,2024,792,0,X,7115,610291.0,2664.0,H6
turkey_exports_to_world,2024,792,0,X,7116,1972131.0,25814.0,H6
turkey_exports_to_world,2024,792,0,X,7117,76475865.0,2007503.0,H6
turkey_exports_to_world,2024,792,0,X,7118,1007.0,5.0,H6
turkey_imports_from_world,2015,792,0,M,7101,256780.0,6539.0,H4
turkey_imports_from_world,2015,792,0,M,7102,56427845.0,432.0,H4
turkey_imports_from_world,2015,792,0,M,7103,1776694.0,73196.0,H4
turkey_imports_from_world,2015,792,0,M,7104,2972130.0,48659.0,H4
turkey_imports_from_world,2015,792,0,M,7105,4940817.0,2434123.0,H4
turkey_imports_from_world,2015,792,0,M,7106,161999946.0,331448.0,H4
turkey_imports_from_world,2015,792,0,M,7107,1651396.0,12835.0,H4
turkey_imports_from_world,2015,792,0,M,7108,3426048563.0,104520.0,H4
turkey_imports_from_world,2015,792,0,M,7109,119963.0,14.0,H4
turkey_imports_from_world,2015,792,0,M,7110,2596373.0,360.0,H4
turkey_imports_from_world,2015,792,0,M,7111,29017.0,104.0,H4
turkey_imports_from_world,2015,792,0,M,7112,4289200.0,8266.0,H4
turkey_imports_from_world,2015,792,0,M,7113,416292972.0,78531.0,H4
turkey_imports_from_world,2015,792,0,M,7114,548220.0,10066.0,H4
turkey_imports_from_world,2015,792,0,M,7115,9337203.0,12156.0,H4
turkey_imports_from_world,2015,792,0,M,7116,2029432.0,170945.0,H4
turkey_imports_from_world,2015,792,0,M,7117,101160136.0,1728150.0,H4
turkey_imports_from_world,2015,792,0,M,7118,673.0,16.0,H4
turkey_imports_from_world,2016,792,0,M,7101,208580.0,4383.0,H4
turkey_imports_from_world,2016,792,0,M,7102,80885099.0,499.0,H4
turkey_imports_from_world,2016,792,0,M,7103,3936730.0,53610.0,H4
turkey_imports_from_world,2016,792,0,M,7104,2229652.0,41237.0,H4
turkey_imports_from_world,2016,792,0,M,7105,4250621.0,2247767.0,H4
turkey_imports_from_world,2016,792,0,M,7106,164207101.0,341098.0,H4
turkey_imports_from_world,2016,792,0,M,7107,1790194.0,14171.0,H4
turkey_imports_from_world,2016,792,0,M,7108,6458945854.0,177870.0,H4
turkey_imports_from_world,2016,792,0,M,7109,198965.0,9.0,H4
turkey_imports_from_world,2016,792,0,M,7110,3717351.0,396.0,H4
turkey_imports_from_world,2016,792,0,M,7111,12081.0,82.0,H4
turkey_imports_from_world,2016,792,0,M,7112,926470.0,1195.0,H4
turkey_imports_from_world,2016,792,0,M,7113,410116435.0,,H4
turkey_imports_from_world,2016,792,0,M,7114,1188112.0,10472.0,H4
turkey_imports_from_world,2016,792,0,M,7115,5074306.0,9846.0,H4
turkey_imports_from_world,2016,792,0,M,7116,2344171.0,140055.0,H4
turkey_imports_from_world,2016,792,0,M,7117,74062831.0,1311973.0,H4
turkey_imports_from_world,2017,792,0,M,7101,267010.0,4743.0,H5
turkey_imports_from_world,2017,792,0,M,7102,77611026.0,455.0,H5
turkey_imports_from_world,2017,792,0,M,7103,2782214.0,64828.0,H5
turkey_imports_from_world,2017,792,0,M,7104,2534995.0,44059.0,H5
turkey_imports_from_world,2017,792,0,M,7105,4523860.0,1509265.0,H5
turkey_imports_from_world,2017,792,0,M,7106,146678624.0,306195.0,H5
turkey_imports_from_world,2017,792,0,M,7107,2132296.0,15194.0,H5
turkey_imports_from_world,2017,792,0,M,7108,16577349856.0,421277.0,H5
turkey_imports_from_world,2017,792,0,M,7109,3273.0,4.0,H5
turkey_imports_from_world,2017,792,0,M,7110,3775862.0,0.0,H5
turkey_imports_from_world,2017,792,0,M,7111,8233.0,17.0,H5
turkey_imports_from_world,2017,792,0,M,7112,414798.0,143086.0,H5
turkey_imports_from_world,2017,792,0,M,7113,562125035.0,76851.0,H5
turkey_imports_from_world,2017,792,0,M,7114,1382922.0,20046.0,H5
turkey_imports_from_world,2017,792,0,M,7115,3475270.0,8747.0,H5
turkey_imports_from_world,2017,792,0,M,7116,1722697.0,104384.0,H5
turkey_imports_from_world,2017,792,0,M,7117,65236068.0,1146391.0,H5
turkey_imports_from_world,2017,792,0,M,7118,318.0,6.0,H5
turkey_imports_from_world,2018,792,0,M,7101,255994.0,3979.0,H5
turkey_imports_from_world,2018,792,0,M,7102,174906049.0,1172.0,H5
turkey_imports_from_world,2018,792,0,M,7103,4083744.0,33831.0,H5
turkey_imports_from_world,2018,792,0,M,7104,2083538.0,39988.0,H5
turkey_imports_from_world,2018,792,0,M,7105,4201250.0,1305983.0,H5
turkey_imports_from_world,2018,792,0,M,7106,142851403.0,302732.0,H5
turkey_imports_from_world,2018,792,0,M,7107,1623657.0,11093.0,H5
turkey_imports_from_world,2018,792,0,M,7108,11302205200.0,299380.0,H5
turkey_imports_from_world,2018,792,0,M,7109,953.0,2.0,H5
turkey_imports_from_world,2018,792,0,M,7110,4597464.0,285.0,H5
turkey_imports_from_world,2018,792,0,M,7111,21418.0,108.0,H5
turkey_imports_from_world,2018,792,0,M,7112,1541415.0,959564.0,H5
turkey_imports_from_world,2018,792,0,M,7113,859294110.0,106126.0,H5
turkey_imports_from_world,2018,792,0,M,7114,3173465.0,13357.0,H5
turkey_imports_from_world,2018,792,0,M,7115,11805279.0,21887.0,H5
turkey_imports_from_world,2018,792,0,M,7116,1365316.0,58657.0,H5
turkey_imports_from_world,2018,792,0,M,7117,54095453.0,1050536.0,H5
turkey_imports_from_world,2018,792,0,M,7118,1412.0,35.0,H5
turkey_imports_from_world,2019,792,0,M,7101,236420.0,4450.0,H5
turkey_imports_from_world,2019,792,0,M,7102,201077581.0,1368.0,H5
turkey_imports_from_world,2019,792,0,M,7103,5577688.0,71607.0,H5
turkey_imports_from_world,2019,792,0,M,7104,1884433.0,32900.0,H5
turkey_imports_from_world,2019,792,0,M,7105,4001733.0,0.0,H5
turkey_imports_from_world,2019,792,0,M,7106,190928229.0,403269.0,H5
turkey_imports_from_world,2019,792,0,M,7107,1599009.0,15751.0,H5
turkey_imports_from_world,2019,792,0,M,7108,11268688334.0,290157.0,H5
turkey_imports_from_world,2019,792,0,M,7109,127654.0,7.0,H5
turkey_imports_from_world,2019,792,0,M,7110,4279584.0,360.316,H5
turkey_imports_from_world,2019,792,0,M,7111,1970.0,10.0,H5
turkey_imports_from_world,2019,792,0,M,7112,1637760.0,688812.0,H5
turkey_imports_from_world,2019,792,0,M,7113,1627006586.0,129452.0,H5
turkey_imports_from_world,2019,792,0,M,7114,5968985.0,11956.0,H5
turkey_imports_from_world,2019,792,0,M,7115,3864194.0,11035.0,H5
turkey_imports_from_world,2019,792,0,M,7116,1729452.0,27038.0,H5
turkey_imports_from_world,2019,792,0,M,7117,48023914.0,873626.0,H5
turkey_imports_from_world,2019,792,0,M,7118,8733.0,3.0,H5
turkey_imports_from_world,2020,792,0,M,7101,222377.0,9581.0,H5
turkey_imports_from_world,2020,792,0,M,7102,121051216.0,824.0,H5
turkey_imports_from_world,2020,792,0,M,7103,3723579.0,84871.0,H5
turkey_imports_from_world,2020,792,0,M,7104,1506917.0,28507.0,H5
turkey_imports_from_world,2020,792,0,M,7105,4612032.0,0.0,H5
turkey_imports_from_world,2020,792,0,M,7106,459946479.0,689899.0,H5
turkey_imports_from_world,2020,792,0,M,7107,1732309.0,17114.0,H5
turkey_imports_from_world,2020,792,0,M,7108,25183791731.0,0.0,H5
turkey_imports_from_world,2020,792,0,M,7109,205388.0,78.0,H5
turkey_imports_from_world,2020,792,0,M,7110,6140934.0,0.0,H5
turkey_imports_from_world,2020,792,0,M,7111,7780.0,5.0,H5
turkey_imports_from_world,2020,792,0,M,7112,4165382.0,582626.0,H5
turkey_imports_from_world,2020,792,0,M,7113,754968369.0,59031.0,H5
turkey_imports_from_world,2020,792,0,M,7114,8474421.0,12616.0,H5
turkey_imports_from_world,2020,792,0,M,7115,10204608.0,7509.0,H5
turkey_imports_from_world,2020,792,0,M,7116,2886588.0,162864.0,H5
turkey_imports_from_world,2020,792,0,M,7117,22547885.0,407189.0,H5
turkey_imports_from_world,2020,792,0,M,7118,4665492.0,1129562.0,H5
turkey_imports_from_world,2021,792,0,M,7101,214845.0,3495.0,H5
turkey_imports_from_world,2021,792,0,M,7102,133371077.0,997.0,H5
turkey_imports_from_world,2021,792,0,M,7103,5106064.0,98674.0,H5
turkey_imports_from_world,2021,792,0,M,7104,1928528.0,36956.0,H5
turkey_imports_from_world,2021,792,0,M,7105,7995312.0,7052077.0,H5
turkey_imports_from_world,2021,792,0,M,7106,544597599.0,728280.0,H5
turkey_imports_from_world,2021,792,0,M,7107,1519729.0,11427.0,H5
turkey_imports_from_world,2021,792,0,M,7108,5498631688.0,121006.0,H5
turkey_imports_from_world,2021,792,0,M,7109,485044.0,911.0,H5
turkey_imports_from_world,2021,792,0,M,7110,9089051.0,464.025,H5
turkey_imports_from_world,2021,792,0,M,7112,8712339.0,,H5
turkey_imports_from_world,2021,792,0,M,7113,794266585.0,57505.0,H5
turkey_imports_from_world,2021,792,0,M,7114,15182253.0,17958.0,H5
turkey_imports_from_world,2021,792,0,M,7115,15902057.0,16136.0,H5
turkey_imports_from_world,2021,792,0,M,7116,4609218.0,144131.0,H5
turkey_imports_from_world,2021,792,0,M,7117,32309240.0,664828.0,H5
turkey_imports_from_world,2022,792,0,M,7101,206378.0,9019.0,H6
turkey_imports_from_world,2022,792,0,M,7102,184407196.0,1077.0,H6
turkey_imports_from_world,2022,792,0,M,7103,6930814.0,475482.0,H6
turkey_imports_from_world,2022,792,0,M,7104,3518795.0,56684.0,H6
turkey_imports_from_world,2022,792,0,M,7105,8605138.0,7450945.0,H6
turkey_imports_from_world,2022,792,0,M,7106,1531868159.0,2064718.0,H6
turkey_imports_from_world,2022,792,0,M,7107,1655157.0,13630.0,H6
turkey_imports_from_world,2022,792,0,M,7108,20440349004.0,379282.0,H6
turkey_imports_from_world,2022,792,0,M,7109,301424.0,1936.0,H6
turkey_imports_from_world,2022,792,0,M,7110,9518163.0,,H6
turkey_imports_from_world,2022,792,0,M,7111,3686.0,2.0,H6
turkey_imports_from_world,2022,792,0,M,7112,4700167.0,68597.0,H6
turkey_imports_from_world,2022,792,0,M,7113,1180140269.0,81941.0,H6
turkey_imports_from_world,2022,792,0,M,7114,14987286.0,20210.0,H6
turkey_imports_from_world,2022,792,0,M,7115,12020745.0,16265.0,H6
turkey_imports_from_world,2022,792,0,M,7116,8164839.0,553190.0,H6
turkey_imports_from_world,2022,792,0,M,7117,50293126.0,1082575.0,H6
turkey_imports_from_world,2022,792,0,M,7118,495.0,2.0,H6
turkey_imports_from_world,2023,792,0,M,7101,444880.0,12372.0,H6
turkey_imports_from_world,2023,792,0,M,7102,149574913.0,955.0,H6
turkey_imports_from_world,2023,792,0,M,7103,6020568.0,290399.0,H6
turkey_imports_from_world,2023,792,0,M,7104,4513413.0,66407.0,H6
turkey_imports_from_world,2023,792,0,M,7105,6387028.0,5516796.0,H6
turkey_imports_from_world,2023,792,0,M,7106,1191517672.0,1557227.0,H6
turkey_imports_from_world,2023,792,0,M,7107,2506221.0,24853.0,H6
turkey_imports_from_world,2023,792,0,M,7108,30016830926.0,,H6
turkey_imports_from_world,2023,792,0,M,7109,101850.0,2.0,H6
turkey_imports_from_world,2023,792,0,M,7110,9730588.0,645.0,H6
turkey_imports_from_world,2023,792,0,M,7111,1549.0,1.0,H6
turkey_imports_from_world,2023,792,0,M,7112,446381.0,15997.0,H6
turkey_imports_from_world,2023,792,0,M,7113,2416832895.0,183539.0,H6
turkey_imports_from_world,2023,792,0,M,7114,16135388.0,27345.0,H6
turkey_imports_from_world,2023,792,0,M,7115,12638980.0,15385.0,H6
turkey_imports_from_world,2023,792,0,M,7116,9883353.0,465842.0,H6
turkey_imports_from_world,2023,792,0,M,7117,68597632.0,1661582.0,H6
turkey_imports_from_world,2023,792,0,M,7118,927.0,4.0,H6
turkey_imports_from_world,2024,792,0,M,7101,322688.0,13032.0,H6
turkey_imports_from_world,2024,792,0,M,7102,176721669.0,908.0,H6
turkey_imports_from_world,2024,792,0,M,7103,5335289.0,162102.0,H6
turkey_imports_from_world,2024,792,0,M,7104,3776313.0,54676.001,H6
turkey_imports_from_world,2024,792,0,M,7105,6190793.0,6371551.0,H6
turkey_imports_from_world,2024,792,0,M,7106,469182413.0,572336.0,H6
turkey_imports_from_world,2024,792,0,M,7107,2362513.0,18324.0,H6
turkey_imports_from_world,2024,792,0,M,7108,17102291019.0,,H6
turkey_imports_from_world,2024,792,0,M,7109,745539.0,25.0,H6
turkey_imports_from_world,2024,792,0,M,7110,7641268.0,,H6
turkey_imports_from_world,2024,792,0,M,7111,3587.0,63.0,H6
turkey_imports_from_world,2024,792,0,M,7112,1805.0,60.0,H6
turkey_imports_from_world,2024,792,0,M,7113,6609573179.0,193592.007,H6
turkey_imports_from_world,2024,792,0,M,7114,351915045.0,24621.0,H6
turkey_imports_from_world,2024,792,0,M,7115,18596690.0,23214.0,H6
turkey_imports_from_world,2024,792,0,M,7116,12970663.0,482349.0,H6
turkey_imports_from_world,2024,792,0,M,7117,105226841.0,4437881.0,H6
turkey_imports_from_world,2024,792,0,M,7118,16666.0,1399.0,H6
