refYear,reporterCode,partnerCode,flowCode,cmdCode,primaryValue,netWgt,classificationCode
2020,792,251,X,01,269767.0,0.0,H5
2020,792,251,X,02,830491.0,0.0,H5
2020,792,251,X,03,14681645.0,0.0,H5
2020,792,251,X,04,497029.0,0.0,H5
2020,792,251,X,05,8286415.0,0.0,H5
2020,792,251,X,06,301456.0,0.0,H5
2020,792,251,X,07,20948288.0,0.0,H5
2020,792,251,X,08,197258931.0,0.0,H5
2020,792,251,X,09,10939986.0,0.0,H5
2020,792,251,X,10,4177044.0,0.0,H5
2020,792,251,X,11,2512069.0,0.0,H5
2020,792,251,X,12,9659877.0,0.0,H5
2020,792,251,X,13,1577415.0,0.0,H5
2020,792,251,X,14,149814.0,0.0,H5
2020,792,251,X,15,10198945.0,0.0,H5
2020,792,251,X,16,7835285.0,0.0,H5
2020,792,251,X,17,7337664.0,0.0,H5
2020,792,251,X,18,1581559.0,0.0,H5
2020,792,251,X,19,8183462.0,0.0,H5
2020,792,251,X,20,77513593.0,0.0,H5
2020,792,251,X,21,7791967.0,0.0,H5
2020,792,251,X,22,6794106.0,0.0,H5
2020,792,251,X,23,230567.0,0.0,H5
2020,792,251,X,24,2158326.0,0.0,H5
2020,792,251,X,25,17381054.0,0.0,H5
2020,792,251,X,26,5293721.0,0.0,H5
2020,792,251,X,27,46230804.0,0.0,H5
2020,792,251,X,28,31716454.0,0.0,H5
2020,792,251,X,29,10292998.0,0.0,H5
2020,792,251,X,30,16304385.0,0.0,H5
2020,792,251,X,31,545462.0,0.0,H5
2020,792,251,X,32,13101589.0,0.0,H5
2020,792,251,X,33,25070192.0,0.0,H5
2020,792,251,X,34,14558645.0,0.0,H5
2020,792,251,X,35,709959.0,0.0,H5
2020,792,251,X,36,1653.0,0.0,H5
2020,792,251,X,37,700.0,0.0,H5
2020,792,251,X,38,32767795.0,0.0,H5
2020,792,251,X,39,212191047.0,0.0,H5
2020,792,251,X,40,90338312.0,0.0,H5
2020,792,251,X,41,4053154.0,0.0,H5
2020,792,251,X,42,23045147.0,0.0,H5
2020,792,251,X,43,12995776.0,0.0,H5
2020,792,251,X,44,6927963.0,0.0,H5
2020,792,251,X,45,51599.0,0.0,H5
2020,792,251,X,46,25067.0,0.0,H5
2020,792,251,X,47,2997.0,0.0,H5
2020,792,251,X,48,46635702.0,0.0,H5
2020,792,251,X,49,13439610.0,0.0,H5
2020,792,251,X,50,41881.0,0.0,H5
2020,792,251,X,51,666304.0,0.0,H5
2020,792,251,X,52,40059724.0,0.0,H5
2020,792,251,X,53,1490803.0,0.0,H5
2020,792,251,X,54,9710745.0,0.0,H5
2020,792,251,X,55,25315463.0,0.0,H5
2020,792,251,X,56,13225729.0,0.0,H5
2020,792,251,X,57,21437934.0,0.0,H5
2020,792,251,X,58,7436766.0,0.0,H5
2020,792,251,X,59,6233742.0,0.0,H5
2020,792,251,X,60,14289058.0,0.0,H5
2020,792,251,X,61,423052463.0,0.0,H5
2020,792,251,X,62,247779542.0,0.0,H5
2020,792,251,X,63,146137068.0,0.0,H5
2020,792,251,X,64,14696269.0,0.0,H5
2020,792,251,X,65,1839904.0,0.0,H5
2020,792,251,X,66,1865824.0,0.0,H5
2020,792,251,X,67,43263.0,0.0,H5
2020,792,251,X,68,73673126.0,0.0,H5
2020,792,251,X,69,76248217.0,0.0,H5
2020,792,251,X,70,64531549.0,0.0,H5
2020,792,251,X,71,15434881.0,0.0,H5
2020,792,251,X,72,62730341.0,0.0,H5
2020,792,251,X,73,224330186.0,0.0,H5
2020,792,251,X,74,68085556.0,0.0,H5
2020,792,251,X,75,3463988.0,0.0,H5
2020,792,251,X,76,122107840.0,0.0,H5
2020,792,251,X,78,488455.0,0.0,H5
2020,792,251,X,79,64805.0,0.0,H5
2020,792,251,X,80,8846.0,0.0,H5
2020,792,251,X,81,9406292.0,0.0,H5
2020,792,251,X,82,14121188.0,0.0,H5
2020,792,251,X,83,43362196.0,0.0,H5
2020,792,251,X,84,798367739.0,0.0,H5
2020,792,251,X,85,539245520.0,0.0,H5
2020,792,251,X,86,12472389.0,0.0,H5
2020,792,251,X,87,2807736666.0,0.0,H5
2020,792,251,X,88,10961707.0,0.0,H5
2020,792,251,X,89,9674866.0,0.0,H5
2020,792,251,X,90,38056115.0,0.0,H5
2020,792,251,X,91,732601.0,0.0,H5
2020,792,251,X,92,182463.0,0.0,H5
2020,792,251,X,93,11558800.0,0.0,H5
2020,792,251,X,94,177123023.0,0.0,H5
2020,792,251,X,95,12475212.0,0.0,H5
2020,792,251,X,96,5862824.0,0.0,H5
2020,792,251,X,97,1260755.0,0.0,H5
2020,792,251,X,99,159065.0,0.0,H5
2021,792,251,X,01,347756.0,0.0,H5
2021,792,251,X,02,1624979.0,0.0,H5
2021,792,251,X,03,17003767.0,0.0,H5
2021,792,251,X,04,296650.0,0.0,H5
2021,792,251,X,05,10730901.0,0.0,H5
2021,792,251,X,06,710762.0,0.0,H5
2021,792,251,X,07,21863543.0,0.0,H5
2021,792,251,X,08,229736875.0,0.0,H5
2021,792,251,X,09,9524071.0,0.0,H5
2021,792,251,X,10,2194413.0,0.0,H5
2021,792,251,X,11,3325135.0,0.0,H5
2021,792,251,X,12,12961993.0,0.0,H5
2021,792,251,X,13,1146499.0,0.0,H5
2021,792,251,X,14,118095.0,0.0,H5
2021,792,251,X,15,1020429.0,0.0,H5
2021,792,251,X,16,9071937.0,0.0,H5
2021,792,251,X,17,7975679.0,0.0,H5
2021,792,251,X,18,2217291.0,0.0,H5
2021,792,251,X,19,9535902.0,0.0,H5
2021,792,251,X,20,81431906.0,0.0,H5
2021,792,251,X,21,7312703.0,0.0,H5
2021,792,251,X,22,8145778.0,0.0,H5
2021,792,251,X,23,1026302.0,0.0,H5
2021,792,251,X,24,2764843.0,0.0,H5
2021,792,251,X,25,23102124.0,0.0,H5
2021,792,251,X,26,26518351.0,0.0,H5
2021,792,251,X,27,115598333.0,0.0,H5
2021,792,251,X,28,46217964.0,0.0,H5
2021,792,251,X,29,19124929.0,0.0,H5
2021,792,251,X,30,14639545.0,0.0,H5
2021,792,251,X,31,137263.0,0.0,H5
2021,792,251,X,32,19792728.0,0.0,H5
2021,792,251,X,33,32930158.0,0.0,H5
2021,792,251,X,34,8128427.0,0.0,H5
2021,792,251,X,35,2123931.0,0.0,H5
2021,792,251,X,36,106935.0,0.0,H5
2021,792,251,X,37,3626.0,0.0,H5
2021,792,251,X,38,18242251.0,0.0,H5
2021,792,251,X,39,293949455.0,0.0,H5
2021,792,251,X,40,111409778.0,0.0,H5
2021,792,251,X,41,5115303.0,0.0,H5
2021,792,251,X,42,27366784.0,0.0,H5
2021,792,251,X,43,14772395.0,0.0,H5
2021,792,251,X,44,15669113.0,0.0,H5
2021,792,251,X,45,48876.0,0.0,H5
2021,792,251,X,46,36427.0,0.0,H5
2021,792,251,X,47,5810.0,0.0,H5
2021,792,251,X,48,93079192.0,0.0,H5
2021,792,251,X,49,18107965.0,0.0,H5
2021,792,251,X,50,57970.0,0.0,H5
2021,792,251,X,51,637745.0,0.0,H5
2021,792,251,X,52,50080519.0,0.0,H5
2021,792,251,X,53,2014317.0,0.0,H5
2021,792,251,X,54,12869321.0,0.0,H5
2021,792,251,X,55,36374098.0,0.0,H5
2021,792,251,X,56,20493459.0,0.0,H5
2021,792,251,X,57,36868421.0,0.0,H5
2021,792,251,X,58,7835930.0,0.0,H5
2021,792,251,X,59,7259812.0,0.0,H5
2021,792,251,X,60,22446218.0,0.0,H5
2021,792,251,X,61,576435732.0,0.0,H5
2021,792,251,X,62,299882889.0,0.0,H5
2021,792,251,X,63,190467251.0,0.0,H5
2021,792,251,X,64,21409168.0,0.0,H5
2021,792,251,X,65,2638604.0,0.0,H5
2021,792,251,X,66,2955526.0,0.0,H5
2021,792,251,X,67,115802.0,0.0,H5
2021,792,251,X,68,106333521.0,0.0,H5
2021,792,251,X,69,106938262.0,0.0,H5
2021,792,251,X,70,61458851.0,0.0,H5
2021,792,251,X,71,29557878.0,0.0,H5
2021,792,251,X,72,107824259.0,0.0,H5
2021,792,251,X,73,296088366.0,0.0,H5
2021,792,251,X,74,130369125.0,0.0,H5
2021,792,251,X,75,4042850.0,0.0,H5
2021,792,251,X,76,192178873.0,0.0,H5
2021,792,251,X,78,621258.0,0.0,H5
2021,792,251,X,79,304252.0,0.0,H5
2021,792,251,X,80,843.0,0.0,H5
2021,792,251,X,81,9041838.0,0.0,H5
2021,792,251,X,82,7360242.0,0.0,H5
2021,792,251,X,83,54958447.0,0.0,H5
2021,792,251,X,84,1077641319.0,0.0,H5
2021,792,251,X,85,668923528.0,0.0,H5
2021,792,251,X,86,9994402.0,0.0,H5
2021,792,251,X,87,3209473517.0,0.0,H5
2021,792,251,X,88,31816989.0,0.0,H5
2021,792,251,X,89,55075007.0,0.0,H5
2021,792,251,X,90,53796693.0,0.0,H5
2021,792,251,X,91,1171893.0,0.0,H5
2021,792,251,X,92,348059.0,0.0,H5
2021,792,251,X,93,13742147.0,0.0,H5
2021,792,251,X,94,232933646.0,0.0,H5
2021,792,251,X,95,12565123.0,0.0,H5
2021,792,251,X,96,8230268.0,0.0,H5
2021,792,251,X,97,504810.0,0.0,H5
2021,792,251,X,99,844175.0,0.0,H5
2022,792,251,X,01,275673.0,0.0,H6
2022,792,251,X,02,2859036.0,0.0,H6
2022,792,251,X,03,20343631.0,0.0,H6
2022,792,251,X,04,119323.0,0.0,H6
2022,792,251,X,05,10536976.0,0.0,H6
2022,792,251,X,06,700743.0,0.0,H6
2022,792,251,X,07,24295376.0,0.0,H6
2022,792,251,X,08,179061073.0,0.0,H6
2022,792,251,X,09,7620794.0,0.0,H6
2022,792,251,X,10,5019173.0,0.0,H6
2022,792,251,X,11,2021810.0,0.0,H6
2022,792,251,X,12,10837414.0,0.0,H6
2022,792,251,X,13,233654.0,0.0,H6
2022,792,251,X,14,115117.0,0.0,H6
2022,792,251,X,15,15333578.0,0.0,H6
2022,792,251,X,16,9181376.0,0.0,H6
2022,792,251,X,17,10300500.0,0.0,H6
2022,792,251,X,18,2304360.0,0.0,H6
2022,792,251,X,19,12055308.0,0.0,H6
2022,792,251,X,20,75339172.0,0.0,H6
2022,792,251,X,21,6350723.0,0.0,H6
2022,792,251,X,22,10088860.0,0.0,H6
2022,792,251,X,23,1320601.0,0.0,H6
2022,792,251,X,24,1270446.0,0.0,H6
2022,792,251,X,25,35621189.0,0.0,H6
2022,792,251,X,26,30788572.0,0.0,H6
2022,792,251,X,27,324042564.0,0.0,H6
2022,792,251,X,28,77585508.0,0.0,H6
2022,792,251,X,29,14625740.0,0.0,H6
2022,792,251,X,30,17661779.0,0.0,H6
2022,792,251,X,31,3350931.0,0.0,H6
2022,792,251,X,32,19081337.0,0.0,H6
2022,792,251,X,33,45974834.0,0.0,H6
2022,792,251,X,34,8066187.0,0.0,H6
2022,792,251,X,35,4254590.0,0.0,H6
2022,792,251,X,36,78658.0,0.0,H6
2022,792,251,X,37,4598.0,0.0,H6
2022,792,251,X,38,16035559.0,0.0,H6
2022,792,251,X,39,320108559.0,0.0,H6
2022,792,251,X,40,128584756.0,0.0,H6
2022,792,251,X,41,4842905.0,0.0,H6
2022,792,251,X,42,30428729.0,0.0,H6
2022,792,251,X,43,16311092.0,0.0,H6
2022,792,251,X,44,23910907.0,0.0,H6
2022,792,251,X,45,7643.0,0.0,H6
2022,792,251,X,46,67384.0,0.0,H6
2022,792,251,X,47,4987.0,0.0,H6
2022,792,251,X,48,116375955.0,0.0,H6
2022,792,251,X,49,19529177.0,0.0,H6
2022,792,251,X,50,30383.0,0.0,H6
2022,792,251,X,51,1122465.0,0.0,H6
2022,792,251,X,52,57229971.0,0.0,H6
2022,792,251,X,53,1725302.0,0.0,H6
2022,792,251,X,54,14702381.0,0.0,H6
2022,792,251,X,55,42064480.0,0.0,H6
2022,792,251,X,56,20443519.0,0.0,H6
2022,792,251,X,57,37333480.0,0.0,H6
2022,792,251,X,58,6254595.0,0.0,H6
2022,792,251,X,59,6864971.0,0.0,H6
2022,792,251,X,60,20387432.0,0.0,H6
2022,792,251,X,61,628681055.0,0.0,H6
2022,792,251,X,62,376226673.0,0.0,H6
2022,792,251,X,63,195799312.0,0.0,H6
2022,792,251,X,64,24507690.0,0.0,H6
2022,792,251,X,65,3655248.0,0.0,H6
2022,792,251,X,66,2768309.0,0.0,H6
2022,792,251,X,67,247601.0,0.0,H6
2022,792,251,X,68,100994545.0,0.0,H6
2022,792,251,X,69,109628988.0,0.0,H6
2022,792,251,X,70,61918328.0,0.0,H6
2022,792,251,X,71,40152359.0,0.0,H6
2022,792,251,X,72,92689222.0,0.0,H6
2022,792,251,X,73,356472847.0,0.0,H6
2022,792,251,X,74,133235333.0,0.0,H6
2022,792,251,X,75,7844535.0,0.0,H6
2022,792,251,X,76,232062535.0,0.0,H6
2022,792,251,X,78,461335.0,0.0,H6
2022,792,251,X,79,319900.0,0.0,H6
2022,792,251,X,80,1993.0,0.0,H6
2022,792,251,X,81,11246337.0,0.0,H6
2022,792,251,X,82,4893852.0,0.0,H6
2022,792,251,X,83,52269836.0,0.0,H6
2022,792,251,X,84,1020512213.0,0.0,H6
2022,792,251,X,85,678601240.0,0.0,H6
2022,792,251,X,86,17174917.0,0.0,H6
2022,792,251,X,87,3059582159.0,0.0,H6
2022,792,251,X,88,104137871.0,0.0,H6
2022,792,251,X,89,26159262.0,0.0,H6
2022,792,251,X,90,54668566.0,0.0,H6
2022,792,251,X,91,1246900.0,0.0,H6
2022,792,251,X,92,349532.0,0.0,H6
2022,792,251,X,93,16861911.0,0.0,H6
2022,792,251,X,94,237241690.0,0.0,H6
2022,792,251,X,95,12454944.0,0.0,H6
2022,792,251,X,96,7589613.0,0.0,H6
2022,792,251,X,97,1136368.0,0.0,H6
2022,792,251,X,99,1365277.0,0.0,H6
2023,792,251,X,01,222351.0,0.0,H6
2023,792,251,X,02,2677514.0,0.0,H6
2023,792,251,X,03,24185563.0,0.0,H6
2023,792,251,X,04,203881.0,0.0,H6
2023,792,251,X,05,10064150.0,0.0,H6
2023,792,251,X,06,790167.0,0.0,H6
2023,792,251,X,07,27677510.0,0.0,H6
2023,792,251,X,08,208326827.0,0.0,H6
2023,792,251,X,09,8273738.0,0.0,H6
2023,792,251,X,10,4837539.0,0.0,H6
2023,792,251,X,11,2209741.0,0.0,H6
2023,792,251,X,12,14152161.0,0.0,H6
2023,792,251,X,13,33425.0,0.0,H6
2023,792,251,X,14,130700.0,0.0,H6
2023,792,251,X,15,18930774.0,0.0,H6
2023,792,251,X,16,11507028.0,0.0,H6
2023,792,251,X,17,14672159.0,0.0,H6
2023,792,251,X,18,1397464.0,0.0,H6
2023,792,251,X,19,12414568.0,0.0,H6
2023,792,251,X,20,95464278.0,0.0,H6
2023,792,251,X,21,7345180.0,0.0,H6
2023,792,251,X,22,7616873.0,0.0,H6
2023,792,251,X,23,231255.0,0.0,H6
2023,792,251,X,24,1762950.0,0.0,H6
2023,792,251,X,25,27635061.0,0.0,H6
2023,792,251,X,26,14894773.0,0.0,H6
2023,792,251,X,27,227842185.0,0.0,H6
2023,792,251,X,28,61545950.0,0.0,H6
2023,792,251,X,29,11376304.0,0.0,H6
2023,792,251,X,30,25598105.0,0.0,H6
2023,792,251,X,31,757762.0,0.0,H6
2023,792,251,X,32,15654495.0,0.0,H6
2023,792,251,X,33,49866504.0,0.0,H6
2023,792,251,X,34,10581678.0,0.0,H6
2023,792,251,X,35,2706808.0,0.0,H6
2023,792,251,X,36,887525.0,0.0,H6
2023,792,251,X,37,884.0,0.0,H6
2023,792,251,X,38,16497073.0,0.0,H6
2023,792,251,X,39,286741807.0,0.0,H6
2023,792,251,X,40,151108893.0,0.0,H6
2023,792,251,X,41,4169867.0,0.0,H6
2023,792,251,X,42,33017468.0,0.0,H6
2023,792,251,X,43,17752259.0,0.0,H6
2023,792,251,X,44,23889424.0,0.0,H6
2023,792,251,X,45,27058.0,0.0,H6
2023,792,251,X,46,37696.0,0.0,H6
2023,792,251,X,47,562.0,0.0,H6
2023,792,251,X,48,93020828.0,0.0,H6
2023,792,251,X,49,20713445.0,0.0,H6
2023,792,251,X,50,5445.0,0.0,H6
2023,792,251,X,51,1543220.0,0.0,H6
2023,792,251,X,52,49463604.0,0.0,H6
2023,792,251,X,53,1394005.0,0.0,H6
2023,792,251,X,54,10700593.0,0.0,H6
2023,792,251,X,55,30316884.0,0.0,H6
2023,792,251,X,56,25472253.0,0.0,H6
2023,792,251,X,57,33086654.0,0.0,H6
2023,792,251,X,58,5261799.0,0.0,H6
2023,792,251,X,59,8513283.0,0.0,H6
2023,792,251,X,60,13948287.0,0.0,H6
2023,792,251,X,61,607301654.0,0.0,H6
2023,792,251,X,62,342033914.0,0.0,H6
2023,792,251,X,63,164742113.0,0.0,H6
2023,792,251,X,64,25952605.0,0.0,H6
2023,792,251,X,65,3608999.0,0.0,H6
2023,792,251,X,66,1929309.0,0.0,H6
2023,792,251,X,67,372110.0,0.0,H6
2023,792,251,X,68,92463772.0,0.0,H6
2023,792,251,X,69,103279674.0,0.0,H6
2023,792,251,X,70,79795336.0,0.0,H6
2023,792,251,X,71,33648674.0,0.0,H6
2023,792,251,X,72,53921076.0,0.0,H6
2023,792,251,X,73,375779336.0,0.0,H6
2023,792,251,X,74,117711584.0,0.0,H6
2023,792,251,X,75,7913720.0,0.0,H6
2023,792,251,X,76,201030557.0,0.0,H6
2023,792,251,X,78,668695.0,0.0,H6
2023,792,251,X,79,105628.0,0.0,H6
2023,792,251,X,80,1201.0,0.0,H6
2023,792,251,X,81,12592939.0,0.0,H6
2023,792,251,X,82,3630393.0,0.0,H6
2023,792,251,X,83,52271408.0,0.0,H6
2023,792,251,X,84,998813545.0,0.0,H6
2023,792,251,X,85,744928740.0,0.0,H6
2023,792,251,X,86,22463920.0,0.0,H6
2023,792,251,X,87,4110904986.0,0.0,H6
2023,792,251,X,88,16391175.0,0.0,H6
2023,792,251,X,89,9794224.0,0.0,H6
2023,792,251,X,90,53987355.0,0.0,H6
2023,792,251,X,91,1502704.0,0.0,H6
2023,792,251,X,92,386918.0,0.0,H6
2023,792,251,X,93,24610449.0,0.0,H6
2023,792,251,X,94,249895544.0,0.0,H6
2023,792,251,X,95,21232340.0,0.0,H6
2023,792,251,X,96,7237289.0,0.0,H6
2023,792,251,X,97,850702.0,0.0,H6
2023,792,251,X,99,1526027.0,0.0,H6
2024,792,251,X,01,245509.0,0.0,H6
2024,792,251,X,02,5412950.0,0.0,H6
2024,792,251,X,03,26799945.0,0.0,H6
2024,792,251,X,04,2525067.0,0.0,H6
2024,792,251,X,05,9672490.0,0.0,H6
2024,792,251,X,06,521494.0,0.0,H6
2024,792,251,X,07,27341630.0,0.0,H6
2024,792,251,X,08,249739231.0,0.0,H6
2024,792,251,X,09,9507933.0,0.0,H6
2024,792,251,X,10,5102471.0,0.0,H6
2024,792,251,X,11,2956930.0,0.0,H6
2024,792,251,X,12,18935697.0,0.0,H6
2024,792,251,X,13,153315.0,0.0,H6
2024,792,251,X,14,498802.0,0.0,H6
2024,792,251,X,15,3326398.0,0.0,H6
2024,792,251,X,16,10785609.0,0.0,H6
2024,792,251,X,17,13049405.0,0.0,H6
2024,792,251,X,18,3132833.0,0.0,H6
2024,792,251,X,19,16561098.0,0.0,H6
2024,792,251,X,20,93705949.0,0.0,H6
2024,792,251,X,21,12076490.0,0.0,H6
2024,792,251,X,22,10939648.0,0.0,H6
2024,792,251,X,23,452373.0,0.0,H6
2024,792,251,X,24,785366.0,0.0,H6
2024,792,251,X,25,24466162.0,0.0,H6
2024,792,251,X,26,5497623.0,0.0,H6
2024,792,251,X,27,163335128.0,0.0,H6
2024,792,251,X,28,41930705.0,0.0,H6
2024,792,251,X,29,10458928.0,0.0,H6
2024,792,251,X,30,31703855.0,0.0,H6
2024,792,251,X,31,1252228.0,0.0,H6
2024,792,251,X,32,16388397.0,0.0,H6
2024,792,251,X,33,58565770.0,0.0,H6
2024,792,251,X,34,12384344.0,0.0,H6
2024,792,251,X,35,1479082.0,0.0,H6
2024,792,251,X,36,2788191.0,0.0,H6
2024,792,251,X,37,30349.0,0.0,H6
2024,792,251,X,38,20101893.0,0.0,H6
2024,792,251,X,39,291372942.0,0.0,H6
2024,792,251,X,40,178144109.0,0.0,H6
2024,792,251,X,41,3714506.0,0.0,H6
2024,792,251,X,42,33290557.0,0.0,H6
2024,792,251,X,43,13332012.0,0.0,H6
2024,792,251,X,44,13638115.0,0.0,H6
2024,792,251,X,45,12415.0,0.0,H6
2024,792,251,X,46,2478601.0,0.0,H6
2024,792,251,X,47,299.0,0.0,H6
2024,792,251,X,48,100535797.0,0.0,H6
2024,792,251,X,49,16419239.0,0.0,H6
2024,792,251,X,50,27165.0,0.0,H6
2024,792,251,X,51,1132778.0,0.0,H6
2024,792,251,X,52,49684648.0,0.0,H6
2024,792,251,X,53,1374019.0,0.0,H6
2024,792,251,X,54,11470174.0,0.0,H6
2024,792,251,X,55,27663033.0,0.0,H6
2024,792,251,X,56,26583117.0,0.0,H6
2024,792,251,X,57,30779075.0,0.0,H6
2024,792,251,X,58,5135333.0,0.0,H6
2024,792,251,X,59,9131759.0,0.0,H6
2024,792,251,X,60,12756685.0,0.0,H6
2024,792,251,X,61,539606138.0,0.0,H6
2024,792,251,X,62,301268470.0,0.0,H6
2024,792,251,X,63,152878691.0,0.0,H6
2024,792,251,X,64,24614846.0,0.0,H6
2024,792,251,X,65,4019619.0,0.0,H6
2024,792,251,X,66,2317450.0,0.0,H6
2024,792,251,X,67,331902.0,0.0,H6
2024,792,251,X,68,94656369.0,0.0,H6
2024,792,251,X,69,102134899.0,0.0,H6
2024,792,251,X,70,86330105.0,0.0,H6
2024,792,251,X,71,52024623.0,0.0,H6
2024,792,251,X,72,54541072.0,0.0,H6
2024,792,251,X,73,351998066.0,0.0,H6
2024,792,251,X,74,114677428.0,0.0,H6
2024,792,251,X,75,7611341.0,0.0,H6
2024,792,251,X,76,195370999.0,0.0,H6
2024,792,251,X,78,1046102.0,0.0,H6
2024,792,251,X,79,79675.0,0.0,H6
2024,792,251,X,80,921.0,0.0,H6
2024,792,251,X,81,10957983.0,0.0,H6
2024,792,251,X,82,3803412.0,0.0,H6
2024,792,251,X,83,60761337.0,0.0,H6
2024,792,251,X,84,859195495.0,0.0,H6
2024,792,251,X,85,734688730.0,0.0,H6
2024,792,251,X,86,22098397.0,0.0,H6
2024,792,251,X,87,4098135059.0,0.0,H6
2024,792,251,X,88,39633420.0,0.0,H6
2024,792,251,X,89,14430222.0,0.0,H6
2024,792,251,X,90,56203362.0,0.0,H6
2024,792,251,X,91,2032504.0,0.0,H6
2024,792,251,X,92,446369.0,0.0,H6
2024,792,251,X,93,29630836.0,0.0,H6
2024,792,251,X,94,265908763.0,0.0,H6
2024,792,251,X,95,16560997.0,0.0,H6
2024,792,251,X,96,6336443.0,0.0,H6
2024,792,251,X,97,423276.0,0.0,H6
2024,792,251,X,99,1231157.0,0.0,H6
